N,P,K,temperature,humidity,ph,rainfall,label
86,46,36,21.414577029593445,86.59351869449074,6.829577613974264,249.74751498773816,rice
68,50,39,24.717878378649786,86.23033835159876,7.017351278373046,279.2437483391979,rice
82,57,41,25.00066635645145,84.62735115166514,5.531761043672544,241.74616018861354,rice
69,49,35,25.523324978054617,82.61687799270518,6.890714598271367,226.82896262796865,rice
99,41,44,25.469709739328845,83.9125281517758,7.0638961117957315,256.6067224724056,rice
64,59,43,23.039974778058518,83.74375270086004,6.247106617802784,234.030586426083,rice
91,40,43,21.744011145599387,88.94279293678524,5.530510841963957,276.65984983817475,rice
74,55,43,26.47101821328105,82.86175600333202,7.004333287642885,290.08439066797905,rice
72,52,39,26.538234064031034,87.54786697546726,7.0177396252055555,224.53599226414818,rice
63,58,44,22.112147166516245,86.23243202329094,6.609384361279173,226.40846009197188,rice
95,35,44,24.443844379707272,87.70932499614774,5.713038019029532,226.64997682710967,rice
81,51,40,25.11760128934228,81.9037226741884,5.645570772435404,273.70595620229506,rice
91,35,40,21.08136526934508,80.55409785350903,7.1309799712636615,238.87971198691014,rice
73,44,43,21.403287838564495,87.80101899722025,6.113375107653694,298.90223653553335,rice
90,50,36,26.109258114107362,88.08598483620565,5.863822543646579,271.9772744914658,rice
83,53,40,24.307889835390267,81.35744937470012,6.082480420296849,229.87010216946976,rice
64,42,41,20.728496464450128,85.86125567385034,6.882990266803335,208.26236473287548,rice
94,41,40,20.363902604248636,85.07227032114608,6.0737563211968055,210.25685463650586,rice
93,48,39,22.030636455875694,87.23741773582957,7.027679810833513,292.50050821107936,rice
85,45,43,26.930314545864043,88.96826007108979,6.942224062741884,274.0668745717036,rice
63,44,35,25.49329487547743,88.94350198069448,6.607759156786978,261.8354822646641,rice
78,59,43,21.754710882808887,86.2515092304402,5.6423254571265335,210.77322464267777,rice
74,38,39,26.02201166116665,82.0866691559456,6.454566647622579,289.12224468860336,rice
76,50,43,26.501818103070107,83.70906545604124,6.012413239171156,237.46270028164005,rice
90,50,43,26.404905977637213,81.57236619491502,6.766213584478987,208.5283775304629,rice
68,50,36,23.563660947029582,88.0623328325706,6.3078129648704655,201.27834645833045,rice
98,43,37,21.992345162512503,89.43826566431504,6.052123086899778,249.55224117132516,rice
86,42,40,23.007766588441896,88.34497325523674,5.864786087319528,294.6531780075052,rice
91,40,38,25.014060110955867,86.16155446069223,6.954680318194119,250.12363023218307,rice
77,58,37,25.292207808516288,88.15372788372979,5.958988422113044,288.36983938680976,rice
74,39,35,21.23464760999815,81.7785032345399,6.744941829679811,241.66188402178304,rice
68,43,41,23.223167244074528,80.48120649356648,5.666496172981009,295.785937110881,rice
65,46,38,22.20271953140544,81.5604454058345,6.364021496814885,255.01950393963398,rice
82,37,36,23.506230591652216,88.56600585754681,6.586508976032055,254.86980756152465,rice
79,40,44,25.56210556989963,88.86339513822685,6.917023855340928,269.2303820792159,rice
99,35,39,25.80103466169296,80.15281681138761,6.157544689152979,296.3147665851336,rice
62,44,37,26.090758711595956,89.6547297019366,5.71929233605655,261.79970510925466,rice
71,57,39,26.63498895802866,80.50915765007905,6.495889386655021,252.42537380036848,rice
77,37,39,22.69699743250311,82.47080283402047,6.625963492824404,231.40960183321494,rice
77,55,42,20.17041058910026,85.76244456046042,6.151014814366712,233.24528398424854,rice
78,55,36,24.4021619205418,88.73149054815045,6.511004141160471,285.1295267929057,rice
85,51,40,24.722095097281105,85.67464416691294,5.863363317220087,210.95646352826535,rice
90,54,36,22.122027644592286,87.96595843898065,5.779045493334403,254.10132204597278,rice
92,50,43,20.66107983923601,85.18663900005534,6.8193274574774785,231.63049585124782,rice
66,58,39,25.2818623224035,80.79069750871835,5.6523487122565355,279.4922153519557,rice
79,53,43,21.505288056671265,80.42847955451145,6.480234470273426,280.9282838678205,rice
67,44,42,26.327065413134434,86.86787326929176,6.787829016393685,233.3484890299116,rice
62,59,35,26.612872073652078,88.3300596007045,6.178604692904133,203.0470232773164,rice
76,39,38,26.265493766736085,85.63968821511111,5.871511860293013,279.46645060871407,rice
75,59,36,21.55327149487132,83.48976336471517,5.530607762438188,274.962572884323,rice
69,52,42,20.39399492597604,87.67190765829025,6.35347106429094,259.55274376068263,rice
96,53,43,23.549754404592317,87.99813718767157,6.01899080097466,253.6705309982873,rice
88,52,38,23.43176590442583,88.46680127486479,5.771395128998915,200.45206868441605,rice
81,54,39,26.206543263500052,87.67217431024231,5.748862801029705,292.25888701035484,rice
96,38,36,23.778238368516668,87.96359237659074,5.540802987389668,288.88141478969607,rice
75,49,42,24.316270626179257,86.94522192793153,7.157478085432832,290.3971642982125,rice
82,56,44,24.187334561403222,85.60534533299322,7.128856815937567,260.6689140167116,rice
82,59,44,22.655605194029125,83.30776774108534,7.168820032516965,242.72072240726217,rice
75,49,37,26.16443783314239,87.28122096397797,6.954149035260313,296.64074862681576,rice
80,57,40,23.21525160410957,82.98514669922452,5.871607099102238,260.10225714802306,rice
90,45,42,22.204827020474823,84.648895385132,5.977698665197579,288.0079648578906,rice
88,40,43,20.63628877418566,82.35880111357949,7.097549811093472,277.2100999678323,rice
68,46,39,25.074427686789598,85.33665084073724,7.047256006015651,226.6129496142092,rice
88,41,37,20.30621559920465,88.10143244294684,6.233342504588647,221.01397564633635,rice
75,40,41,24.181809526276396,82.05329119736956,6.976262994036674,290.03505438954517,rice
62,40,37,23.308320568215557,85.26016508395631,5.678688801016023,283.5536316884824,rice
75,54,42,21.80294409315536,80.87470614429695,6.37500720504366,226.66448389859957,rice
61,39,41,25.339890550938865,88.16191723695194,5.882351424145069,237.945487322089,rice
85,42,35,24.883269700796827,86.66778168958336,6.347357449565681,203.84376040411186,rice
82,48,35,23.12124332136365,87.93143575856273,5.85149452042683,269.51375666223794,rice
72,49,42,22.539918528737044,87.41430116383751,5.767286907745849,282.54475032853804,rice
93,43,36,23.963263273440823,80.10933547161291,6.575635089374834,212.93236392592314,rice
77,44,42,21.61785774240544,84.73122078851803,6.328925578261446,248.21144179869972,rice
85,44,44,25.179111732998543,87.66126060336369,6.8190149292203355,299.61896377069536,rice
93,50,36,20.24294678586776,87.91843288704293,6.70249371547335,282.4791895696857,rice
99,36,42,22.173670005890653,89.92305212370101,6.951251661404612,277.6547226326502,rice
83,59,38,22.990512383143667,87.33387650975158,5.833832184816861,230.86186464002952,rice
87,45,37,26.55949540934006,80.16050859721928,5.839458236466587,284.189113605308,rice
73,42,41,25.911315509574216,84.14471338692154,6.992708739153658,254.37153385569755,rice
73,48,41,26.933767893214682,81.36497231329028,5.734110171455603,263.45742986737133,rice
61,46,42,22.879673335491596,89.80551570105082,5.920422012934467,204.63407630007822,rice
81,47,36,21.504092612258095,82.0669594733892,6.528195224812067,209.1654793677351,rice
67,35,37,21.90201195230645,84.88937951858584,6.217842934708153,274.0074063338864,rice
83,47,37,21.705567819326433,82.33042236330473,6.36398310430849,256.3168975885726,rice
85,40,40,22.737848709214532,80.1130110312481,6.182771987648017,276.8373591896445,rice
97,44,40,20.26198142645779,81.25605984812441,5.727197907920614,264.19070949596863,rice
81,47,35,21.136839603451946,89.86705138147062,7.014985596452258,258.15856301572603,rice
98,52,41,22.613487672219343,81.74509141946494,5.920404436294832,292.13671815128095,rice
84,44,40,23.735531308859017,83.05046226885847,5.641537623445864,294.5465218439275,rice
97,56,42,26.67523905822191,87.29734159436566,5.594469743534607,252.4283799437289,rice
80,52,42,26.46715521665714,86.37474440587967,6.746771590541144,211.4356263360169,rice
91,57,40,20.387658464982515,82.94606068573131,6.423965763228499,280.3974140419951,rice
89,39,35,25.432479492043477,87.77207830880769,5.666764682495309,230.71125679385455,rice
80,56,37,25.782883541078295,84.14330436870951,5.954550143264545,239.506356611652,rice
80,45,36,26.528121579041375,83.61815159261616,6.934605515209183,257.65914231464575,rice
83,39,36,26.652591312656664,88.2416788008501,6.330370564464829,240.9738037977499,rice
80,41,43,22.536635336599346,82.33917660377324,6.637306181594153,254.55856869975057,rice
79,47,37,20.82579408226795,84.67891207695811,5.649631006460393,289.93200566731196,rice
95,57,41,22.303589414324065,84.54159861618557,6.4906770268893395,281.46155588105364,rice
64,40,44,26.904948740687566,88.96430901124792,6.7309416204945585,276.7914062528788,rice
98,38,22,26.793143603260926,52.483606036357315,6.366715564830869,63.096693594434534,maize
93,38,19,22.38146369051644,68.01822371282768,5.62633366880852,74.75262419119461,maize
70,50,24,25.825367297088675,62.9244598954336,5.816536710660877,99.7068824891779,maize
99,41,21,24.56014601216576,59.98703085352015,6.910786154817842,86.65676667975382,maize
66,37,19,20.147466056962696,56.111481268355064,5.695523536137806,80.6310459426496,maize
86,47,17,18.154330436102384,55.79572108357461,6.771539944972442,104.1860796749902,maize
79,36,22,19.66597538757872,62.07362496933243,6.254384159063175,77.63276670124365,maize
99,42,18,26.473216770031954,65.469618877228,6.853643904571507,105.37096689940563,maize
97,54,23,20.396402968063033,52.227166137314136,5.524447749847986,71.69444505595295,maize
76,44,22,23.756731809094738,53.868271741865314,6.529588816341887,108.11289385170369,maize
92,47,22,24.432617110183152,66.64432967080486,5.577611734918072,97.49258822276809,maize
85,48,15,23.400146658683582,59.56853856390574,6.55444682503386,101.33282068633277,maize
68,35,23,23.49726936481909,69.95993695135456,5.919457147037223,77.38890386732365,maize
65,55,15,22.310292460773304,54.31073243866743,6.6833376273221985,81.55703082285203,maize
74,51,22,22.631430421334173,62.36083700104971,6.739255662582721,72.03255672547401,maize
81,50,16,21.72784840622767,63.61681120387094,6.777138474132823,102.28987565690244,maize
97,37,21,19.029894571986564,61.00547942669291,6.6152671986266665,72.36562876101439,maize
64,59,22,20.0506169878227,66.68617051167628,6.498574749599613,87.24366964372948,maize
68,50,19,24.646139798672294,51.791275794887234,5.652662577851684,108.4022611646167,maize
99,44,24,23.976735222902256,50.213816150482344,5.678492368149752,60.6323501970203,maize
81,45,15,21.869360923810735,50.08716772594234,6.418305673429876,104.71554665844506,maize
80,37,23,21.315270490589512,53.53520430696781,5.898439422535651,103.86620651571735,maize
67,38,24,20.377275427613956,55.41359382007285,5.5846262007283105,63.79480572325878,maize
82,37,20,20.460827340241018,62.94488465949,6.236761615217976,94.59298321004357,maize
99,41,15,25.58765453315666,64.95536131044884,5.704531449267892,94.18750514032135,maize
83,37,20,23.58125630629939,64.77746447235444,6.383692481525655,84.63876003055157,maize
63,36,19,18.195069215923063,58.51778524318783,6.901262035102803,82.70306641119177,maize
85,53,22,20.927783419592437,52.832704909361915,5.582393054796201,83.95709340850749,maize
90,44,24,19.24116557724472,63.494466437985494,5.539957509729518,86.16113309445242,maize
76,47,15,25.079903451589043,67.15452542050672,6.171846149469066,89.86200605272035,maize
79,38,15,24.742050963720278,52.20392057025556,5.75693638438201,91.32374287983168,maize
78,54,24,21.42268074327056,55.55465424986784,6.031869383574312,96.49011458717392,maize
82,58,21,23.31556166752904,64.48701655578758,6.817229627461188,71.27190437971059,maize
99,37,18,21.085533906662402,58.74980117063371,5.832838373210269,90.86214721021612,maize
77,52,19,24.380945065472453,56.87288233248951,6.7018342806671445,69.04475171887364,maize
76,55,20,21.426690510476725,64.97842003779252,5.736085379820469,96.00346180260988,maize
76,44,23,21.386588044031527,60.99130176763985,5.950241081583626,69.24874915920762,maize
78,37,17,18.822024126810728,53.04387778346508,6.403554350553323,91.28788442765077,maize
77,50,16,22.865957570163296,51.46032018830707,5.778967601862539,85.11535923510978,maize
65,52,15,19.03255470235598,65.23234758871381,6.394508795526744,84.34578766199046,maize
87,37,16,25.62005610816879,51.04174132173141,6.543350677874824,72.53112023005536,maize
94,55,19,18.186797746756845,67.41084504483503,6.616725392797185,84.15677644190282,maize
73,47,20,21.61922025222894,58.128253321894725,5.890829353857222,79.62086287357181,maize
97,36,19,22.79093758928061,63.17584251582946,6.291300516671572,75.24094557037135,maize
84,36,21,22.392541662541362,56.040596058693566,6.1173464816967416,95.80211571867144,maize
74,41,22,18.217119230278758,62.615650123378266,6.963607840477715,76.78367651729795,maize
81,40,17,19.549851323240915,62.40348147665123,6.503122999548244,60.404763394431896,maize
79,41,20,20.0799154064793,53.868718416522086,5.642079147732197,98.959286257923,maize
93,42,20,24.8468052200784,51.1720039064503,6.9673669491147745,69.93190403886949,maize
73,57,22,20.91720500607696,61.75232165211783,5.916694063898032,109.03668831303648,maize
93,42,16,19.763388754597933,60.72239573439308,6.488412594544903,79.07779055795521,maize
65,48,16,19.752283175543784,56.86901821059803,6.104069907572833,91.85062154765482,maize
88,49,19,21.03448062526967,59.08386978067221,6.416590166488504,84.14459620783852,maize
82,49,22,24.009026805487917,62.40012558155405,6.79564782986587,84.12787135023335,maize
80,41,19,24.16763034073511,57.304541516361944,6.984073850224247,94.48836420642586,maize
65,59,17,24.837925578547722,58.305093738385885,5.888859471628015,78.31195599683946,maize
81,47,15,26.18997149911388,52.95140672233545,6.9598655275987085,75.54988754121466,maize
99,46,23,20.816223500840863,53.82001575141538,5.794339977737433,90.15928143138368,maize
71,51,18,20.054231773480854,53.8444067253491,5.79347433159651,61.03706142164634,maize
88,45,20,24.592279948861044,69.39820832284877,6.985686195878,67.38875217510008,maize
86,50,18,18.57039351756983,66.91119587843508,6.005863363110821,108.63849221640862,maize
68,45,15,25.230706975104592,60.50080349048218,6.531690381484209,78.71552567078243,maize
65,57,18,22.708901034830046,51.58156978763659,6.505374141624245,90.13410340886705,maize
84,57,17,24.1863464482094,63.36238508850573,5.730046220890478,96.39710610958886,maize
79,58,15,25.686797519241992,61.21665917418124,5.922270512479979,101.80498154665534,maize
63,42,19,22.877970350896625,56.161499863026776,5.934826858083979,79.2263426446822,maize
95,46,18,21.366539070372156,69.45682559215518,6.601214628167934,92.53691222041729,maize
85,57,21,25.273446658409426,55.03850491050664,6.520043704370842,69.05380566335582,maize
77,54,21,24.58322109891838,58.35302225165442,6.712781158812206,89.80287958235228,maize
96,56,18,25.950074356661972,57.452085286601914,6.142849137861983,91.30563300256814,maize
63,35,16,19.447351219725988,59.12751006477657,5.68905052046141,103.31083552353789,maize
75,43,16,24.71453251837532,67.45400297211825,5.657705421843347,80.52638156076648,maize
75,52,21,20.618844711957173,54.42762158815775,6.436436319242291,100.3309893851551,maize
94,47,15,25.29137355758266,53.938302520293085,6.781847170118891,62.086293822157096,maize
84,56,23,19.04390062786125,50.67112597157441,6.01265647265844,84.34348471884952,maize
74,54,19,19.142014836705492,67.39150719552649,5.69241996625726,105.1944609141602,maize
80,58,15,22.993070243678595,69.66251275744246,6.375156580722185,95.08993267057895,maize
79,38,19,20.21007765331302,62.4205671180122,5.849900387335096,100.93627729517077,maize
79,48,22,24.371348462188816,69.78511459904529,6.1032343461762375,68.90481543400497,maize
78,59,20,19.747171294373445,68.72703696414392,5.5119324228485285,79.46440736598788,maize
78,41,20,21.723119225960016,64.07897654839817,5.865404207611515,89.50768401846034,maize
68,55,18,20.702625549255313,55.70620623379835,6.322043455735236,74.76824572705226,maize
96,47,15,19.16120802215074,54.276178783306875,6.67173620690846,74.33695641821109,maize
95,47,23,21.227490923839618,56.657045446155124,6.912132763383579,69.28586913492335,maize
76,50,19,20.987872935554627,60.18187416294734,6.909547051604527,103.23606276120293,maize
81,56,23,18.064828049673352,68.56460377577133,6.371937087734713,97.577266206761,maize
85,43,24,25.756313565675743,57.08233462182427,6.2056333323489925,80.76096329968524,maize
93,37,20,19.27340915908995,66.9274265854934,6.08536236015719,105.3344773587922,maize
91,55,15,26.51659271463155,51.580662406073465,5.619963506073512,105.64964076572835,maize
65,37,17,20.033391729011353,60.4533257885663,6.1910441750733725,84.61922022325744,maize
69,36,17,18.033679465534515,67.72545324670236,6.404449428183607,92.73529158336001,maize
70,55,24,24.114946227974848,55.71397732254655,6.496892505393659,107.38845704186744,maize
82,53,22,18.99453421696095,54.01465397273808,5.538488092872799,107.03761392130282,maize
77,55,23,20.38408305749946,69.05410723678199,5.576546337737403,82.93829535348763,maize
68,44,19,24.15780536178966,69.72440352961576,5.8858292997286,84.32365794624722,maize
79,43,19,18.915253280187468,59.19026961370037,6.457797831474484,72.26181928206553,maize
64,57,24,21.01035052990956,53.46315624731698,5.701068919812842,77.86152400850438,maize
64,51,19,22.659906455179296,67.67416527816016,5.727673281303932,72.70794564321336,maize
75,57,15,21.802900379861683,50.96281750243031,6.85148659164971,73.61743566392539,maize
70,47,19,19.550538302711914,57.277826193717104,6.341728635249763,88.6591128610597,maize
29,59,75,17.039631542784882,16.531308728631707,7.30426892607303,83.42719551620698,chickpea
23,64,76,17.128977224736296,15.252354967910192,6.720050187026142,82.21273310461747,chickpea
29,65,80,19.27074328159371,15.110412278564441,6.161977930461514,85.90631012901807,chickpea
30,73,75,19.68359897559838,16.445253117284288,7.360561998961653,89.53935923110612,chickpea
42,75,80,17.089249865564668,17.20266789856165,6.202376061103846,91.55800727373291,chickpea
39,70,75,19.8081378887036,17.216392285921827,6.337397754223627,82.55913886081562,chickpea
21,75,81,18.169662121885995,14.17437787996184,6.55683607944377,78.10482991217222,chickpea
51,62,82,17.258838523477785,14.261076683755045,6.783672065574836,83.33096011491637,chickpea
59,78,75,18.078901108099426,16.689126083372756,6.03135290874861,67.91508269817348,chickpea
28,69,83,18.72668225837858,17.83881796940798,6.29440911795316,65.39651554070525,chickpea
35,73,80,18.774808185027137,15.9473892121341,7.479034266136656,78.8405735056617,chickpea
41,78,82,18.919102914406597,14.39655133805613,7.179660892391928,94.73780634591986,chickpea
58,58,84,19.487077089076045,14.75008737173758,6.379224176714286,87.38445830952924,chickpea
35,67,79,18.827812614489872,14.412702043957273,6.098595444005038,69.94850023310418,chickpea
30,66,82,18.552555594819182,15.460513392408991,6.023175089252984,94.53353726610578,chickpea
31,59,82,19.30242174227888,17.062182122424367,6.191364851436388,74.14894465983966,chickpea
41,75,84,19.28718197746847,15.32052884909146,7.460538643859996,74.13884467109007,chickpea
45,59,84,17.008163473410466,14.344056939938012,6.449878314295152,69.93104430074871,chickpea
48,66,77,17.005694628418492,17.88916951287788,6.887977680740818,89.23434934783491,chickpea
28,72,80,19.901980375435272,15.61834084522621,6.214293735622044,86.8850469163851,chickpea
44,63,82,19.217792121741855,15.537674969026021,6.697387823009322,71.16463162994853,chickpea
55,65,82,18.014394340261063,14.325611871082906,6.115088994292996,92.20464498443643,chickpea
35,58,79,19.063110723722243,15.771736510390612,6.348676225729082,82.38111263147454,chickpea
37,77,76,18.74278200750891,14.654326700640723,6.847867891393506,85.93373524605224,chickpea
30,63,79,19.379813167944327,17.242864339956178,6.812233360400905,70.33929264185639,chickpea
34,75,81,19.879772804566592,14.934537358465796,7.44469093328556,74.0496505606578,chickpea
38,65,80,18.502365288354824,15.245297210951202,7.327699495902696,84.28660009919412,chickpea
51,76,76,19.809599138181525,16.273788182168627,7.059604948588791,67.66043065986638,chickpea
43,63,84,17.117994648541167,15.980041285584685,6.788049438195104,85.26315896107647,chickpea
29,59,77,17.290122556200632,15.977032721003019,6.358725313956705,79.9635505340872,chickpea
32,75,80,19.36832773359771,14.230666276473048,6.772352474759224,93.17571993635815,chickpea
43,65,75,19.76657955714712,14.988290642810247,6.144443640185966,85.82958942135495,chickpea
23,60,84,18.99503423748799,14.82278566708754,6.9619128079863035,84.74307897462771,chickpea
52,69,82,17.04372449237421,16.71345876502946,7.146636417930215,66.63660260675971,chickpea
38,57,82,19.562053060027473,17.904475243288957,6.071229955769765,80.72435131553894,chickpea
28,72,75,19.17813715353836,17.802735680982803,7.321542811591483,83.64497841022595,chickpea
52,70,80,17.165832630186774,15.110561850994113,6.152838510554381,89.9577501052922,chickpea
21,76,76,18.887233116528172,16.220886948713318,6.728455203702847,86.96193193415361,chickpea
38,65,80,18.55270128873629,17.74249971444063,6.6875443135732375,72.20988924402852,chickpea
53,72,84,19.45379343498619,17.034760872087315,6.967517389505581,89.79154918774444,chickpea
41,60,76,18.90163067690705,15.53221517074591,7.295714879628416,70.23881714183797,chickpea
20,67,84,18.6899821136178,16.97326150597466,6.010013603725052,90.26381227290506,chickpea
41,79,75,19.56132507252515,14.032760734371264,6.0112390587844855,86.984047305359,chickpea
46,77,79,18.575579381373633,16.91390700031883,6.03553308510413,90.87473738913496,chickpea
44,61,75,17.738611868897213,17.356754694285883,6.313854903340029,90.45135954369513,chickpea
49,64,81,18.888067197193124,15.144899219563731,6.054233997158762,74.55302186513269,chickpea
32,75,76,18.80481361847451,16.67543884727446,6.57387200643591,76.89673875776373,chickpea
48,62,77,17.45840495491921,16.270580586668032,6.787767791489882,87.72328800906057,chickpea
25,59,78,19.19716514677245,14.89975022493535,6.277016481400471,92.18469142762372,chickpea
55,58,84,19.577630305161996,16.211126199199335,6.6642165788298735,78.65665119219,chickpea
50,70,79,18.236766427671917,15.836515403135856,6.033801110656558,88.89812563261788,chickpea
49,59,83,18.849209168267375,16.546468167956043,6.055786031215596,86.91130300068404,chickpea
40,70,77,18.707547071014247,15.639117244873752,6.94021556887658,69.57074930018078,chickpea
43,72,79,19.894978002910495,14.195611110403558,6.634914764152711,93.08079748794364,chickpea
23,56,78,19.069764107008297,14.86299201998539,6.062109040179097,71.5910054496022,chickpea
51,56,75,18.70536560570922,16.124573842629083,7.234662442375823,84.90793596346329,chickpea
43,61,82,17.698451207234996,14.934612194693669,7.003703723875387,90.92851407456902,chickpea
32,60,83,17.313753571661422,16.5706449131118,6.919780777204086,82.4527308581014,chickpea
47,58,77,19.744459332157636,14.06534440313803,6.468155427964811,92.38797415182344,chickpea
36,61,84,17.585679774615738,17.05192379886003,6.202837575083628,76.51155037822996,chickpea
58,69,81,18.721191395588804,16.66723628474196,6.659068515888387,93.07273781872279,chickpea
30,58,77,18.313106639052233,15.61643992260113,6.460422143368101,90.92455356603067,chickpea
24,70,84,17.883658079884924,14.789715849106083,6.614650212189411,76.41786713063189,chickpea
49,77,76,17.599220490473837,17.810037853854787,7.010085864768884,92.38572256223986,chickpea
30,57,82,17.36403659448762,17.346410362317577,6.0383878237951505,83.20891425775638,chickpea
35,68,76,18.741395675932417,15.310545978924356,7.433038715622844,68.66362487565569,chickpea
46,64,80,17.525992193669918,16.144969375932725,6.094025171819467,94.0705419376592,chickpea
34,73,77,18.20831393681498,17.676422236202168,6.694903057988515,91.49784921523664,chickpea
48,67,81,17.922675525634876,14.186394120103378,7.326236148762388,92.31361037796088,chickpea
49,65,82,19.261214047581163,16.87967100754693,6.991028194764388,94.38888581415164,chickpea
21,72,78,18.456160031824826,15.48023346303462,6.4377594837041725,71.71455535558633,chickpea
54,68,77,19.12070210363147,16.875883488193818,7.058203078166526,76.98546067108046,chickpea
40,56,78,17.854216718983444,15.264978760579318,6.7409853018101185,71.15993778217083,chickpea
24,61,82,18.366594096575536,16.161462487553532,6.271791741640757,85.41335433176702,chickpea
47,57,76,17.845216645513688,17.094958240822177,6.329101574494091,79.93116596433072,chickpea
29,57,80,18.30837995102089,15.609562044026545,6.759269926042087,82.6911406246055,chickpea
25,55,77,17.370331301645262,14.472919466968381,6.78705572699857,73.89432571738583,chickpea
43,64,79,18.904696851179907,14.927549522097015,6.964388774811,70.18531664472985,chickpea
27,70,79,19.356430570424095,14.793827630545037,7.21897757417542,84.59112617751869,chickpea
46,71,78,17.046439934267227,17.303831365158057,6.772866671101599,76.80854996979053,chickpea
57,55,77,18.834516026487183,15.720108254823474,6.9212159457995845,66.00401040635653,chickpea
45,63,82,19.037186100690683,17.20908448794559,6.707487943860424,75.99822576154037,chickpea
45,70,77,17.695370455542463,14.518219349107085,7.479261995877794,73.03022680354121,chickpea
59,78,82,18.188643655230344,17.45211276918468,6.465849298227089,77.83288895397007,chickpea
52,73,83,19.64812237488946,17.46542451704054,6.179609270666694,65.37366225551003,chickpea
20,70,76,19.296951355801685,15.71600306389284,6.034544128075739,83.6652166353172,chickpea
55,66,84,18.54802376176038,14.049789100887287,6.73110216637493,79.759636437442,chickpea
32,62,82,17.57961695552272,16.227209006172078,6.70957088651255,71.47197162296806,chickpea
21,74,81,19.976571455913845,17.60167578794851,7.234085677044131,87.59963420238729,chickpea
43,77,77,18.36159577871655,15.794636530469445,7.173276268616528,79.13528688644779,chickpea
52,55,84,19.252334707851706,14.785962993487479,6.946243293991819,86.80058531749731,chickpea
25,69,77,19.888761709067502,15.133286757551968,7.242492275573804,71.93852070700618,chickpea
53,67,77,19.75378050143801,15.587384406901695,6.951959273953154,75.40321234602843,chickpea
58,73,82,19.1496863297038,14.247516673571344,6.354740246248301,74.39895148656264,chickpea
47,69,77,17.99690237982347,16.879289570226646,6.505220674119811,75.3141442568493,chickpea
25,68,81,17.686760030279853,15.285744919747394,6.17928534150535,81.83884238399169,chickpea
28,70,82,17.839140898257117,15.744370903824743,6.746021338570237,71.38354633080948,chickpea
50,76,84,19.246378946047027,14.785751541868704,6.218467604261869,94.3263354954222,chickpea
21,70,77,17.046037363646402,14.443163508566743,7.150351143301813,93.52488797056185,chickpea
37,75,84,18.63711029824784,14.111154343258844,7.062084836545184,89.75697393562842,chickpea
14,74,17,19.29057883523069,18.894933367507914,5.984549760578539,109.15109183607773,kidneybeans
23,79,18,18.770822784305217,21.98654057196894,5.920038719014657,130.17517745755683,kidneybeans
37,64,18,23.79399742501007,18.40382885520452,5.979128535354178,133.17396390648523,kidneybeans
29,69,22,20.35272056421133,23.854679385035492,5.646046476951467,137.81510934541618,kidneybeans
28,70,19,19.697944138117194,21.426800398493768,5.864131320700341,98.06300077678046,kidneybeans
21,61,16,23.60053782420305,18.912496817902223,5.702628088282671,141.7723316240123,kidneybeans
21,73,19,24.578881858399374,18.092820518350127,5.8284482586394555,103.70995933297925,kidneybeans
38,59,17,23.11567490026526,21.8863717352843,5.874617808416005,78.4731874678939,kidneybeans
11,75,16,22.115324652605324,19.7433295379973,5.519271737448732,93.3983112052347,kidneybeans
28,71,21,20.41342092268639,18.425951303194058,5.810749787185471,131.09994591410788,kidneybeans
10,74,17,15.982993213775185,22.441848054781474,5.504031980516071,77.91949782750231,kidneybeans
11,70,24,15.112756910914323,22.62373592333173,5.704424078640162,82.406053890848,kidneybeans
25,78,16,15.662554924423457,20.253192057344325,5.900310329300327,78.88481938187515,kidneybeans
11,69,20,17.798575506618008,18.996581475767062,5.727512692543284,109.51535635152304,kidneybeans
36,55,22,22.321320108167274,22.42210084744694,5.617020086454087,105.11910011642874,kidneybeans
14,72,20,15.129386626411756,18.4107525675418,5.784576402758048,65.03664676144417,kidneybeans
35,69,23,23.17951238823118,21.31461068013043,5.857383122143407,96.11486206991829,kidneybeans
34,78,15,17.047096669246574,21.25212858621134,5.558310759848311,76.11664493892486,kidneybeans
18,78,22,17.73176792170234,21.505411049661653,5.685997823147673,77.66451784659188,kidneybeans
20,56,17,15.226050649548226,23.461355343632093,5.645084069426967,106.36118021859022,kidneybeans
17,75,16,19.98045464966188,23.98385348622317,5.985195163464037,147.97032004559227,kidneybeans
12,61,15,18.63149048180906,19.108228990937622,5.930908029485185,61.814511464711934,kidneybeans
18,55,18,19.041661548064546,18.046696984869488,5.93478053283358,125.72428504162137,kidneybeans
28,71,21,18.832169407571897,19.2252289151732,5.762226015742284,134.25946011439902,kidneybeans
30,60,20,21.918690422443824,18.15268162274602,5.558168736110226,77.89050501486965,kidneybeans
35,64,17,18.33986089173463,24.037633361914157,5.891449999548805,88.70339359314515,kidneybeans
19,78,15,24.718408003092403,23.34473730157884,5.943764608041033,68.66532016669086,kidneybeans
14,65,23,15.537604073855938,23.58137374624275,5.797605685271452,90.81085900488983,kidneybeans
35,60,16,16.032549824340695,22.096624794388788,5.659713219470913,124.76075607386079,kidneybeans
26,76,18,15.529345306660256,24.369618156563742,5.750880013959613,143.69248176878227,kidneybeans
11,63,24,19.4941219430852,19.941811941305794,5.887364545069153,88.43559697488814,kidneybeans
22,63,24,20.55674616854801,23.928927354601797,5.729113199475185,60.40202098021692,kidneybeans
25,56,22,16.86055853588087,22.785195234712635,5.740636028068645,66.21239826311532,kidneybeans
21,70,21,18.46872523258413,20.171050498344265,5.663185324526316,105.93915392640741,kidneybeans
27,75,24,24.04853794486423,18.446495260549142,5.790518395561203,141.17854574404186,kidneybeans
35,68,21,16.27734132730324,19.511132016867016,5.57830047822079,123.14747206288847,kidneybeans
38,77,20,22.215040524713366,23.29768764205665,5.875294452967209,120.01329072254396,kidneybeans
35,58,17,24.061092018800508,19.459964945330626,5.709890423743474,73.2597864890383,kidneybeans
25,74,15,16.288871013547944,22.551305408761184,5.52183395541405,78.1872819979726,kidneybeans
20,68,23,22.57564571560112,24.938648887804142,5.52787047661218,108.22367991033218,kidneybeans
30,68,21,21.437574861452077,24.37170159094943,5.995572519384754,73.7211621076733,kidneybeans
18,59,23,17.566604201243194,23.07747825473971,5.8151658659893375,107.12611091961229,kidneybeans
25,76,18,15.191757728463262,21.706791359622763,5.725409327191779,104.49658188324287,kidneybeans
39,63,17,21.715952806719965,22.43418478167175,5.76041771835536,68.86334987691298,kidneybeans
29,73,21,19.22849655513682,19.75949495747979,5.9621893540425335,88.7475996452014,kidneybeans
19,56,19,19.545296868116623,23.631962997514552,5.611493162518458,80.2375459106766,kidneybeans
21,76,20,17.196714435736723,19.31083702474663,5.722982369270599,149.86987503054888,kidneybeans
30,67,19,21.565902092929484,19.99990447224313,5.670355765092775,69.72784635254213,kidneybeans
38,79,20,20.432028109100465,19.014698843661503,5.966602301602837,146.4577452995835,kidneybeans
36,73,15,24.23406620828001,22.314437453542595,5.769287520945375,104.85063808852236,kidneybeans
24,73,21,22.123238846562113,22.958099181204325,5.763514249697317,99.04274018591968,kidneybeans
19,77,20,22.907446336301163,24.26680608143083,5.958362187777976,82.602948371059,kidneybeans
28,78,15,22.736677188695136,21.408291106175135,5.920709384422259,144.06213383454553,kidneybeans
32,59,23,20.052055894645484,20.943600873468082,5.958871461377719,111.49315980462279,kidneybeans
20,74,21,23.268413436995463,20.420262503487542,5.9886689534112065,110.06730127264028,kidneybeans
27,63,24,15.092672388011165,20.206430683637517,5.752547540913999,141.50714808449155,kidneybeans
10,60,15,15.057466524825928,21.407842599164653,5.674833712951707,128.62547995408437,kidneybeans
21,63,16,23.081381172471517,19.13887407352721,5.95665151440759,109.05595401527049,kidneybeans
31,64,15,19.422104813723138,19.533923436080144,5.893067002413445,111.1933904691691,kidneybeans
16,64,20,24.361769364069694,20.774733773504764,5.562707419995491,130.75154783824678,kidneybeans
18,75,19,18.94263044649942,19.920399372665845,5.887324550273602,143.839229387285,kidneybeans
22,77,22,22.222785767597923,19.168937903167176,5.880392028171259,67.4176741670538,kidneybeans
37,73,19,16.035122709695134,18.923540985542047,5.584307949568907,102.43708497637812,kidneybeans
10,55,18,15.214188535648622,19.66157412159183,5.6482228187195105,133.60602680822507,kidneybeans
27,76,18,19.966338935667416,23.00243104175264,5.7969718964827175,71.24844072469732,kidneybeans
14,66,22,21.500959528967137,21.534239932461553,5.769286353444777,122.49734808007886,kidneybeans
16,70,22,15.902485556729491,24.320152899563606,5.59614745621646,66.74517729619608,kidneybeans
14,73,19,19.222419629619544,24.165584950277257,5.545114140786476,138.36871711411965,kidneybeans
35,58,18,24.46108376657176,21.286032800919774,5.64552881612488,147.64387769659623,kidneybeans
27,75,19,21.983270222095232,22.530083426796175,5.640177699145841,63.837663774520664,kidneybeans
31,55,19,23.475490856571575,18.112947948430264,5.698639342066223,149.16976817554203,kidneybeans
14,69,23,20.250510806732176,23.935505799206837,5.510829566693014,118.74668304803609,kidneybeans
31,69,16,16.353714754059457,21.134214477242658,5.7237412777102925,73.97693156770407,kidneybeans
20,73,21,23.625972315564617,24.888187527499834,5.853867952856934,63.98908832200574,kidneybeans
19,56,18,23.838108851547858,22.727283977607307,5.701103712727319,85.6432850099182,kidneybeans
13,70,15,22.601405930759213,23.810758122753292,5.500958531332855,148.4342779444184,kidneybeans
12,60,19,15.845268916794614,23.915666570289282,5.7603489873710085,115.18404136286964,kidneybeans
15,61,22,18.983360189772657,20.76103404433209,5.95482677434185,69.20829652609298,kidneybeans
26,59,18,23.053089290707167,18.84048911167635,5.742982301379708,99.8736132425192,kidneybeans
14,70,17,21.565262500505323,19.756509108464734,5.970754988397209,105.79806818486061,kidneybeans
15,58,15,15.698930167289673,18.843893119144013,5.610273245297592,142.4799184748005,kidneybeans
21,79,15,24.725148750619134,21.868793940573227,5.608778406680485,132.14931907909357,kidneybeans
39,72,16,23.801590277632464,18.169511948610726,5.836998629097889,86.80175377500353,kidneybeans
35,74,24,20.522364192112303,24.277453754662993,5.850772470302344,78.1268597695686,kidneybeans
14,78,19,15.20684142005933,18.60248004962721,5.502022693064603,130.62111523363706,kidneybeans
10,70,19,15.109878931509474,18.059617134051702,5.719227082248979,117.36048359315114,kidneybeans
27,75,21,16.117943135668355,20.30684851562854,5.636621453522261,132.277338747251,kidneybeans
39,66,20,20.264845338629954,22.44528717714661,5.601708924719968,146.68197432494424,kidneybeans
39,74,19,23.502100757339527,19.836401506087793,5.699976886442182,105.59656550559899,kidneybeans
13,75,22,19.801071389907285,24.04872922450609,5.907067749973776,134.53691135982024,kidneybeans
23,74,18,15.630497108064784,23.863239311290727,5.817173914701758,73.63416674634603,kidneybeans
14,57,16,20.64652602704139,21.867594047507872,5.879187427679769,137.33502875529942,kidneybeans
17,60,17,24.306858352014636,22.74620832745302,5.8619703938470575,94.11574591855012,kidneybeans
21,57,23,18.701944620558912,19.831363196147468,5.621784578098293,131.76240621293096,kidneybeans
12,56,21,20.008360203476418,19.322009889732037,5.9148093125734995,118.99006483542124,kidneybeans
35,69,16,15.471996754875596,22.109071953050076,5.560525253846827,104.81057292659543,kidneybeans
25,77,19,17.000496120541953,18.92452063369177,5.586259549837742,95.8852625081569,kidneybeans
21,70,22,24.389537491450753,21.971264058269508,5.77198091875076,132.86659028888891,kidneybeans
12,63,23,16.52715408015712,23.008608442431168,5.945167341734885,83.53517275479706,kidneybeans
13,63,21,19.956672229548378,19.269472121873463,5.830360251650868,148.2215831112763,kidneybeans
33,77,18,26.170845392447035,57.144069214053566,4.982934168566215,148.105900837567,pigeonpeas
11,58,15,20.43257305863139,53.678962482663124,7.487808062130793,184.5230099256829,pigeonpeas
37,60,16,24.358074932681376,69.52418008625571,5.681299330140397,177.74409063283986,pigeonpeas
34,68,18,31.50991330409635,63.073708476043116,6.8453660428604675,191.3539985902545,pigeonpeas
12,72,23,29.84893205973109,68.93788439105106,6.507885881961542,185.33138279905864,pigeonpeas
31,79,22,28.958800228828643,62.632425619533805,6.238526749496954,183.65399225985013,pigeonpeas
15,67,17,22.162966956326116,36.44780953004557,4.999386946181765,103.49753359306104,pigeonpeas
17,74,18,31.754738625934124,57.364920823292465,7.348273397329523,149.6925255329054,pigeonpeas
11,58,24,32.07822467673929,37.16251518253805,4.967803962696131,125.20503763698474,pigeonpeas
22,76,15,21.393910028997812,63.2722115624952,4.548481351102929,153.45874785567784,pigeonpeas
23,71,15,18.269756934979895,68.51861580897378,5.729098850139919,116.74208507784112,pigeonpeas
11,64,17,29.114196499061663,34.75575427276698,4.699070267756304,175.020388268104,pigeonpeas
14,71,19,20.11819883470219,43.86071757756727,4.568454853491384,149.17613046953923,pigeonpeas
30,59,18,23.41917172104848,69.45311355695262,5.403341886254356,90.9545286205571,pigeonpeas
29,57,15,19.879697523173387,49.57212016813098,6.334891287219089,108.79181084705917,pigeonpeas
10,59,17,18.55206008934105,32.79483750950192,7.2464976674086765,168.16086988276973,pigeonpeas
36,64,16,28.662784543048126,66.34504268084856,7.402307644082411,155.12911280849437,pigeonpeas
10,73,22,33.63708411259947,61.81847423124616,7.093110612091692,114.51688193045322,pigeonpeas
24,56,16,28.137623787541973,66.32130647930765,4.716358355346745,90.41394749377372,pigeonpeas
36,79,23,31.93777625518274,40.050363358663674,4.730674956470748,143.86016880053222,pigeonpeas
11,58,20,33.57705184914616,65.32383151583674,6.56455706360345,144.35204653638448,pigeonpeas
12,57,24,28.35462471849914,49.20370632079676,4.802744869312239,112.24292080936755,pigeonpeas
18,74,15,23.972675983668914,53.431498039032675,6.985075887502955,138.2531360554886,pigeonpeas
26,58,16,28.31968722033801,55.66541024832167,6.384806474060464,117.90908809260594,pigeonpeas
25,77,22,23.200997718512447,40.53053160442006,6.86787900404574,174.48436083264312,pigeonpeas
11,66,16,29.721185725022643,44.886915201970524,7.06016481833803,195.7170556061605,pigeonpeas
21,55,22,33.40440821293484,61.67429318027526,5.2293349715104345,93.4433588515664,pigeonpeas
35,68,22,29.287620939070806,59.56545524137322,5.150570667973982,102.39154717391827,pigeonpeas
13,61,18,28.39234687018409,53.51523926889345,4.824042058722625,199.83399561251343,pigeonpeas
10,59,18,22.782690096661135,51.752378388046694,4.54949457342956,137.95401325768609,pigeonpeas
25,62,17,19.555074746371407,52.732295926017855,6.362734099425054,155.6744644028807,pigeonpeas
36,58,19,26.027009088592877,46.760917865921385,5.8366534686396765,117.31598994249514,pigeonpeas
21,71,20,18.819630302832387,68.91978463075054,6.230723576691319,100.76506691139964,pigeonpeas
16,77,20,27.193768500776123,31.598442535123397,7.101403202384995,102.88715166050814,pigeonpeas
36,57,17,26.256641270525318,38.43401482069582,5.895366093848179,148.4450362070079,pigeonpeas
35,62,21,27.33587488041013,49.652664302104625,5.54532209042219,167.86436259071974,pigeonpeas
13,68,18,20.706713287374306,47.16406728202545,6.247843042163121,171.252567392821,pigeonpeas
38,62,22,23.534301668814408,31.37919216729479,6.524853859568984,158.00541676187976,pigeonpeas
28,79,17,22.121139972580128,35.049637796547856,5.822175266994294,167.95953640513812,pigeonpeas
37,67,21,29.427536871250645,31.722453244189154,6.885496096036038,159.3559290209838,pigeonpeas
12,75,17,23.660086699387804,31.072954538383215,7.136376215057121,160.9411535328195,pigeonpeas
33,59,17,22.074559989384532,44.61632036851467,7.058193128806158,171.30232507535908,pigeonpeas
26,65,20,26.68841386496247,36.40381770093646,5.676687839653872,149.20545969799036,pigeonpeas
16,60,19,31.67908592519011,39.43259119995603,5.8000088945186015,167.87105535897473,pigeonpeas
24,69,17,20.220538153697195,67.28579629996598,6.2239327975269125,125.32797507296647,pigeonpeas
17,58,15,30.786204847418524,67.6488703499148,6.815229790599437,126.56155359258977,pigeonpeas
21,69,24,25.093047093593974,53.977612791550044,7.046109929178265,138.10576034955793,pigeonpeas
32,79,22,31.860837876786402,37.62909804874053,5.634902476755426,199.0508030818258,pigeonpeas
38,74,15,21.39752585291646,54.778006536213006,4.994192593845761,166.51767154721324,pigeonpeas
14,74,21,32.00190612938985,65.85499238475852,6.489379845971872,134.96114205312273,pigeonpeas
19,61,19,24.852339489623564,63.467549628369405,5.503802797965742,131.97500159774808,pigeonpeas
26,72,24,31.67154818121643,51.665715884906156,5.980557295160526,131.97916340332137,pigeonpeas
10,71,22,32.98418077747081,56.72578457843791,5.797240380343259,96.07336840805516,pigeonpeas
33,71,20,23.71366454405987,50.07510762864615,6.9035946275169575,114.68516809771998,pigeonpeas
28,75,23,23.899673002948873,69.80394071157194,4.8650943332888525,149.54135893940926,pigeonpeas
16,60,24,23.10839809012678,49.853680584700705,6.267975307468569,190.60217362339472,pigeonpeas
37,55,23,32.786038295840974,62.984926627814254,7.45940291497508,191.1182852205951,pigeonpeas
14,76,15,21.38743929093567,47.269052679863435,5.190471307358772,187.1237794657136,pigeonpeas
10,69,20,23.175534552590292,68.71554709628964,6.775377999782795,113.55901202421562,pigeonpeas
26,68,16,30.398682910691917,61.756759355606775,6.110836281491208,126.05547720409201,pigeonpeas
20,72,17,24.94669363474865,60.44091006588148,6.877909648569384,189.86430365954988,pigeonpeas
28,60,19,20.165892559008732,32.55390825071877,5.463775011964364,104.22995326951711,pigeonpeas
26,74,23,27.655802531493173,37.544947604370996,5.726057644535402,125.39397652567206,pigeonpeas
28,61,15,24.756206732442138,59.11723256579706,5.6941173059723855,105.65760454103153,pigeonpeas
11,73,20,33.38747229010272,64.62712017019481,5.894393051891546,120.60678163618607,pigeonpeas
19,69,18,26.188729350515434,60.85981135376381,4.734202051783866,136.179090599407,pigeonpeas
18,67,19,19.66893295077664,52.28085742632132,5.112719656530937,180.12058719882077,pigeonpeas
16,58,15,27.08981198540191,59.85108357285367,6.458167927216829,125.87010437514562,pigeonpeas
19,74,18,29.491136762422855,69.96064028176605,5.773839259543225,135.68553115543125,pigeonpeas
31,75,23,26.532776898157994,49.33885452828924,6.237897051750883,167.4575783386348,pigeonpeas
32,57,20,23.56943961290252,33.94274147776618,5.445714511739952,127.88389330017927,pigeonpeas
26,60,18,18.87543459776563,62.0748299850186,5.2686797307157995,176.63530936553994,pigeonpeas
32,59,23,31.682202900875687,37.03096480324638,6.146630155420702,134.67498197794376,pigeonpeas
28,66,24,20.626678089141727,36.850156429688475,6.717696574804696,195.21240527703776,pigeonpeas
36,65,21,34.185980009014344,59.62609409277337,6.403350477632855,120.13613644546625,pigeonpeas
14,78,17,27.33778215255527,44.312661866911654,5.985631943278857,177.80324380715342,pigeonpeas
11,72,16,20.362109471485812,67.12511646584103,7.172309925208154,155.6832430336683,pigeonpeas
14,72,22,32.319589778157535,62.677239805206185,5.287472416349753,196.59275372307337,pigeonpeas
35,61,21,21.14987701150694,30.049549150299484,6.976134155082998,165.5812270524563,pigeonpeas
11,55,22,19.08410549659778,61.84564075539878,4.750759774718067,145.26033652803025,pigeonpeas
18,70,21,32.67764853625427,48.712711330018166,6.165633060815388,118.16791543192977,pigeonpeas
14,61,21,30.165208023284762,40.190123014154736,5.036546552757386,112.06533042397577,pigeonpeas
14,68,18,18.96296194475229,67.36091442671503,5.354748448227724,122.9387691696893,pigeonpeas
15,77,23,29.793929638549056,53.85915549202688,5.92259016480611,106.33720724663551,pigeonpeas
16,60,16,20.62432855818447,45.018226858403914,5.032642339615266,90.86663960026335,pigeonpeas
33,74,18,20.819140827027173,62.69148738534345,5.148062341043494,184.93540517225983,pigeonpeas
22,67,16,22.12747422112106,66.70319365223907,6.086805310064419,151.32950320305304,pigeonpeas
28,62,22,25.019849509109083,68.89953527903,6.544695646161476,149.67671409762394,pigeonpeas
25,57,16,30.02549998708173,42.22446743737943,7.015308799275872,109.2925819731382,pigeonpeas
24,59,24,24.540848001965664,59.699713357132154,5.190705964348434,132.84099865900112,pigeonpeas
32,55,24,23.646558033180654,46.99982474051586,5.035156130403801,99.4289660797466,pigeonpeas
15,55,17,18.623274706400437,31.000497040469774,6.746624020740669,149.60662079576474,pigeonpeas
15,70,22,23.17395338997759,63.57464599125205,5.694664787818863,174.37554796557765,pigeonpeas
12,72,20,26.056733083299953,49.495515030725215,6.860787895433714,100.59300814287093,pigeonpeas
21,75,19,31.574804573007377,62.42568043695701,4.940225100678173,175.09469555845897,pigeonpeas
26,68,16,32.46770684690389,31.85682515144709,4.622308741321338,138.42296732063213,pigeonpeas
19,63,22,24.410856229436995,39.013251907784394,7.351053845325691,114.42252234659341,pigeonpeas
34,64,16,31.993779675588165,48.72296302039916,4.658236859616175,157.18971797455742,pigeonpeas
16,73,16,29.690814655713524,55.48168128885279,7.377987175419642,146.85467100954585,pigeonpeas
25,74,20,29.577184077539883,58.97737172104612,6.039366971525773,144.3493261878884,pigeonpeas
25,50,15,28.377895943143635,40.964135269439744,5.615690650398559,67.84633615719754,mothbeans
30,57,16,30.72272147995752,47.85481151528035,5.131892415715432,64.26759974952778,mothbeans
22,53,24,24.090609703293723,48.765865227550364,6.314795675437159,69.59484503155039,mothbeans
18,41,21,31.914680340619384,44.83413522014381,9.330790377508617,50.49942268962873,mothbeans
36,51,16,30.40878871664799,54.10543125616688,9.1970581509775,42.06683915217999,mothbeans
33,53,24,31.572063993707935,59.72456834922128,8.762096263910355,42.21765257327853,mothbeans
36,52,15,26.998800327427396,61.97402998738302,3.9888515272167284,40.17675583927816,mothbeans
14,52,17,31.64949296636311,59.689492272862815,3.550053567907737,58.65633981056412,mothbeans
34,59,17,24.965803052499083,54.902433286614865,4.462436410654451,32.55065833384962,mothbeans
25,42,17,26.525920028588896,49.53674702560458,7.138810685061377,58.49305875856119,mothbeans
34,54,20,25.044932957016123,56.1764472371962,8.163097224213168,52.96516862195941,mothbeans
30,48,21,30.64379345030141,57.55861326590118,4.799540413449787,69.50502096820045,mothbeans
31,43,20,29.210913840120035,48.58176049658495,4.181663515071909,38.46521859359796,mothbeans
20,50,20,24.96674115027664,41.620348243322184,5.35694261742224,54.44584757769446,mothbeans
21,35,21,24.01411091846118,57.87342506366139,4.979296568070561,49.5962102667464,mothbeans
17,51,20,30.13610946682651,62.592418498865094,7.904102615325573,42.00540731020233,mothbeans
27,58,24,24.08512025381722,56.83264183378778,9.332320271089818,49.32423651772443,mothbeans
12,58,19,25.23123673510561,55.26285432082074,4.2716442758279385,42.58116827055676,mothbeans
22,38,15,25.56199253936928,51.91994005465395,5.788194129213771,53.25757860442859,mothbeans
20,52,16,29.536562113949127,55.26480295902034,4.788712437006355,51.60825739041415,mothbeans
18,47,20,29.147565020542242,55.370252955433585,8.368698378466059,66.41957575777019,mothbeans
19,50,18,26.441684192815877,47.1147172358161,9.274818193368988,39.8463101777368,mothbeans
27,46,23,30.74655642974607,63.81760993327051,8.067811156794667,63.32925210248537,mothbeans
29,49,24,29.931647369836565,41.986129739624644,9.016793794369073,49.16895383236411,mothbeans
39,55,22,26.23058617438737,56.710110769354074,9.345262342912099,64.32475469955347,mothbeans
17,38,19,27.030227512488544,60.84734772991855,9.198559554438326,68.94018854210287,mothbeans
23,41,16,26.95826591724395,47.688506892456154,3.8058081318004096,54.59750192303093,mothbeans
13,55,24,31.338592299531285,62.332862604425706,6.742060736927606,37.875880373664224,mothbeans
27,43,23,24.072131592339055,52.51055624878718,6.354241012965371,55.796318127959495,mothbeans
10,47,17,25.114787278384387,42.64043025273255,5.102835092084177,49.097491253874566,mothbeans
29,42,15,28.371579926409257,43.88718710832506,6.512833970703245,65.13239643252626,mothbeans
17,49,19,24.735423344557862,46.12550811067984,4.412843908155631,69.67836507190907,mothbeans
29,48,21,30.71471268259672,64.11382753138942,4.096509133404426,36.83893079285359,mothbeans
17,54,18,31.558629362977776,50.62468102763124,5.103007866809722,34.102844702814494,mothbeans
12,35,21,28.62511230569071,53.12495022650657,4.211780136681825,65.57411115222354,mothbeans
29,42,21,26.61973253693666,57.104801869221255,3.799432015781975,67.26349253275811,mothbeans
35,59,23,25.5167088204727,44.44860568673573,3.6642523619774465,48.02086427547967,mothbeans
13,58,18,28.74936665279353,63.988360882976096,8.460662676123118,61.15282310208017,mothbeans
38,51,23,31.000191344717752,44.54067288229255,9.115893368291102,32.44966828374862,mothbeans
19,55,22,26.871708265946534,41.25268976894798,4.518591665025901,44.08694146234539,mothbeans
39,41,20,29.47174526778563,45.01703070437529,4.569616121004271,58.39938436565794,mothbeans
21,56,17,25.214835763857234,61.03239420408758,5.725959796587316,60.09883897938099,mothbeans
31,41,17,25.590021722844764,64.80368996075708,5.533254714689608,69.19695067254874,mothbeans
24,53,19,27.98967100133778,55.98891100158011,4.405414077824695,35.448907318052946,mothbeans
31,42,15,30.03763554638707,42.940353406436486,6.422200299571092,33.364973977639636,mothbeans
31,44,22,24.83594536083991,42.00028629878307,5.872290943126192,35.870051213964146,mothbeans
24,48,22,30.502497845360608,61.53918001822855,6.512286643147183,69.58999033184261,mothbeans
22,47,24,26.125990815308985,52.859575897288266,6.903330481713663,60.900486114104766,mothbeans
37,53,23,27.716545876307606,58.29243196950945,5.103845712420261,62.74112804128454,mothbeans
38,49,23,31.12773575943106,64.94694151477873,4.820531240762716,60.93645634299135,mothbeans
23,45,17,28.292757493775937,58.99318431952595,5.157915981129811,63.01775950690097,mothbeans
19,51,15,26.43818678538959,49.115268503505646,6.427170164803032,56.78222858199295,mothbeans
26,41,20,24.62858784367898,60.08650580890853,6.546881007701545,45.09041068359821,mothbeans
21,37,21,29.061968765505434,41.04384898227679,9.435736529818302,57.91965918459872,mothbeans
29,41,22,27.938466636575793,58.28008815659488,6.686762796776901,66.53518532681689,mothbeans
24,47,16,28.82568375541767,63.76715497962131,6.359122802948157,69.58513734934105,mothbeans
39,40,16,28.64370784132418,60.8554280712587,8.444427805032085,48.84835827682049,mothbeans
32,37,22,29.734698261253428,57.797064932891715,6.505081070362656,69.10650544914982,mothbeans
26,56,20,31.797699612923143,53.52533479458435,5.58663003794872,63.24214707947504,mothbeans
18,58,18,30.894048281673907,64.38357114737815,4.965404190770082,34.961508352771226,mothbeans
14,55,22,25.996067382828837,60.436473113219435,8.064268932528556,51.70252971308982,mothbeans
12,39,17,26.006066051152576,64.8001192501907,4.287700430753579,37.67174404543602,mothbeans
31,59,18,24.402397183671532,48.318152555170926,5.8855021843552295,36.376018102273136,mothbeans
14,37,16,25.686913167762395,43.96615809998803,7.3240631700485155,66.95370442309536,mothbeans
20,35,19,24.26535046672946,46.848518456773625,6.379818808031393,63.519726749645436,mothbeans
30,56,20,31.319237430234814,43.72385961527578,4.716203864898059,47.28848955084195,mothbeans
29,52,20,27.416798492659204,41.16265483057931,5.9429907106567725,40.083239093128086,mothbeans
21,44,23,24.91482984394346,53.24508511862879,3.900679063877859,46.43496592691346,mothbeans
25,48,20,26.705643119514946,61.230980132690235,5.441272193442992,46.740911867889224,mothbeans
11,49,24,25.744957122882433,58.338546697112186,6.1710283046328005,39.187425396660004,mothbeans
17,47,17,28.146718759405523,51.58023239240593,8.174209196509267,52.43719260283575,mothbeans
20,45,16,24.8294679498193,64.02128848237916,5.519262128703749,66.17531103697303,mothbeans
12,54,20,31.845189004723807,59.167337998911805,7.717816826455012,54.558666640312545,mothbeans
28,56,15,28.544109768290625,63.12802535730057,5.373818037024634,42.96804738291268,mothbeans
18,44,18,26.32437432219131,55.962441550776646,7.049109098601247,50.42310696546466,mothbeans
25,45,23,27.64221128563647,63.5273598325677,6.273295564452994,49.05284134041708,mothbeans
18,58,24,28.841801168005155,60.64455176001141,9.413522145814692,53.18110602362116,mothbeans
35,48,21,29.172455346260573,43.06387445932868,7.248366279438206,63.23930291001725,mothbeans
12,39,24,28.248661172156957,57.84322151364303,4.986502016983865,53.61371136109054,mothbeans
19,36,16,31.07925326228607,53.68607736406735,5.259930004405293,52.80947174275827,mothbeans
19,56,17,26.672722942591413,54.30631849369817,7.51694127873246,35.13922524316722,mothbeans
39,48,18,27.866979337277904,48.630610781992885,5.50607755896005,48.144247509802824,mothbeans
33,50,15,30.28936709026534,42.972180540999936,5.661491219919387,55.436722373800464,mothbeans
19,42,18,28.640266500449563,46.799009839795396,7.829682403126483,63.6735286546923,mothbeans
17,55,15,30.279293232592817,48.06392100222858,4.683211835290987,45.82056678530945,mothbeans
21,44,18,27.972990039843737,63.4134416886957,8.936760317355862,56.41785712176208,mothbeans
32,35,16,25.752401772959445,62.53092865104735,4.130441405057743,33.45322418450485,mothbeans
38,44,16,25.225784215526296,59.43053954627716,7.322035569596132,34.511073692379185,mothbeans
16,39,17,27.192162111573474,46.663908133707835,4.729154763411303,31.101970803863452,mothbeans
17,54,23,30.664068367671085,55.49636389321274,6.909354305243696,32.342758821421135,mothbeans
36,41,22,30.05547715008848,58.20561676020867,7.010618555855145,61.35206483018315,mothbeans
36,46,17,25.911670157547768,40.330423058889956,7.624946426835451,42.62410854613185,mothbeans
15,59,19,27.712737716783188,57.961233755522684,3.7108425942142804,42.18783716140616,mothbeans
20,36,16,29.911409037360507,58.156783193506385,6.579465730259621,50.88269253027825,mothbeans
36,47,21,27.713575196923564,47.197804543003514,7.46017453388262,56.458995824757565,mothbeans
11,52,23,25.739876748193968,58.90554355662955,5.755917197294956,53.99343596244768,mothbeans
13,44,24,31.09500566976392,49.709759909620146,8.348817507104533,64.48621870151992,mothbeans
23,47,20,28.6200408459386,40.26776002970393,7.301166700423703,55.8540278637619,mothbeans
12,42,16,30.616269790215945,52.822035113016966,6.90368436867575,52.493133452968365,mothbeans
29,56,19,24.001408386645068,54.15888416486016,9.191750099482448,57.0380303115513,mothbeans
14,59,21,27.527345201906797,62.11213375802235,6.288162309202598,44.09908476785971,mungbean
16,56,16,28.401821605740377,62.630349641029916,6.970735796469453,51.55489736935218,mungbean
36,38,17,27.241844546464797,60.04997968663625,6.907223875172607,45.76656167386751,mungbean
21,44,22,28.8057717369971,62.95081267754193,6.674543736690114,44.223518698328164,mungbean
12,57,18,27.649046299543738,68.21221447166512,6.350798420645342,51.55833114881937,mungbean
24,48,17,27.188448979234593,63.85207268314756,6.213599136667949,48.23702378291528,mungbean
38,59,23,27.07754933184465,69.98602797760613,6.797667248982488,52.548913211246514,mungbean
34,40,23,29.134515311984856,68.33499034446983,7.083547255132853,48.24285389252938,mungbean
24,41,18,28.058631337546323,62.09553891112494,6.320472948567188,48.980262711795895,mungbean
36,37,24,29.172317104990125,68.83249132839825,7.183377403218033,37.41680641110223,mungbean
16,37,19,27.50281106771295,67.63655439271629,6.402457087294754,36.7705739923497,mungbean
10,50,23,27.471345172176093,66.59750810218621,6.942531074447599,51.406162428697485,mungbean
36,46,18,29.484590552800405,67.51928225559979,6.996360349125795,52.46921222728242,mungbean
39,59,18,29.917248531997004,69.50162274688981,6.2652498845088775,37.088695374180844,mungbean
37,52,15,29.2550518485818,69.22137314227898,6.784022952084562,56.4439235700995,mungbean
20,54,24,28.711671238270544,64.40607134244799,6.868453652801878,51.45884873059076,mungbean
13,55,15,29.9917440106348,67.46542904347164,6.425390395472087,46.41584192503527,mungbean
38,52,24,27.63738591994038,67.7038228303058,6.300067840568743,50.959702615673436,mungbean
19,54,15,29.063967514054692,66.04519245111673,6.593247284003298,54.030854531380136,mungbean
19,47,17,28.05072233876645,64.37226640671503,6.2817639729918975,45.88077678194784,mungbean
21,43,17,27.240734178795332,60.01626998022829,7.154009722216243,44.17988786302661,mungbean
23,58,24,29.795245082224014,67.95750260308236,6.916936876538406,37.05854166380312,mungbean
28,54,18,28.987771858220835,67.94575686819933,6.565464966038609,49.52438402054176,mungbean
22,41,23,27.506814036393017,68.21641078263296,6.389558631302812,38.43498053694731,mungbean
27,42,16,28.554057851448206,69.23295596537737,6.214203204839226,59.02281886167627,mungbean
34,51,21,29.550925741085877,68.72080858338376,6.400234803331164,39.46669289491649,mungbean
29,40,15,28.359599874536,60.66068279755028,7.096647030852944,54.71696604202126,mungbean
29,59,23,28.845820511839545,64.69467990992234,6.6057546269842,42.93753659558691,mungbean
38,43,22,29.499647400799887,60.42696808231466,7.113607716972355,53.950010925722545,mungbean
25,49,22,28.045132796442882,65.11817927921919,6.448927494610049,45.98407456685723,mungbean
26,49,20,28.57072740768129,61.17280505794885,6.624224750460902,47.588836340594966,mungbean
12,37,24,29.05834164605392,62.22673516823853,7.110907893362623,54.4679488535465,mungbean
24,38,21,28.413278328349104,60.70823681575333,6.415190194997989,36.872521345015194,mungbean
15,45,16,28.27189630369484,68.12826553450333,6.77148620580879,59.245388693068236,mungbean
24,58,16,27.01356788928907,62.258147370374445,6.547706612069163,37.540308370508434,mungbean
29,56,16,28.62219900645412,65.80826890839371,6.818369520661397,38.98409361762477,mungbean
35,41,18,27.20503115410573,62.707516473021016,6.8797150700932095,36.69750407678787,mungbean
39,44,15,27.856520226722097,60.65010327362765,6.616396102254094,55.129785880599684,mungbean
10,35,23,29.389379551849665,66.67719090863001,7.0174731493187545,57.121231226034,mungbean
15,36,18,29.713122442137543,64.8718557923497,7.163544720764383,50.56708624052946,mungbean
34,45,15,29.604967495152433,61.50764087739376,6.50082941194733,38.15846207675991,mungbean
11,55,19,29.777449122674412,68.83941243182983,6.298037167282043,41.82649275353535,mungbean
12,45,17,27.424789355402627,63.00239811021523,7.040572130991956,49.460264651920845,mungbean
39,38,15,28.71520409960857,66.09104110481502,6.506568754867309,45.4841481459394,mungbean
30,45,21,29.92557050755264,65.51684425032659,6.82330611193295,47.827516872767525,mungbean
13,51,24,27.942160677912554,69.40819983297656,6.698328438986305,54.35532311405278,mungbean
15,58,24,27.792669492428157,65.03937522688575,6.968699494740923,58.15976386147039,mungbean
22,38,20,27.0895935285872,63.14803581436035,7.032940744535768,40.944220021269814,mungbean
30,41,18,28.606127300527945,66.61231298393457,6.241470430281951,59.3409770773264,mungbean
15,49,18,28.41068399017643,66.9534506847977,6.581810008015658,42.15817655640386,mungbean
26,56,23,29.269440827800306,60.07847823747949,7.150198333300648,51.145150152916464,mungbean
32,36,24,27.89721380577555,61.71984242382742,6.887807370999845,42.121527624089225,mungbean
30,55,16,29.674558746114556,65.78496487169905,6.99673032867048,45.95363797772637,mungbean
15,58,15,28.244309506883713,62.05589213516283,6.89443381123064,39.14137747245403,mungbean
18,51,19,27.98842298345585,65.8204284496781,6.272611399972874,56.72262612885835,mungbean
26,49,16,27.220762077874394,64.88668307470961,6.562302174390132,49.718467896365155,mungbean
38,57,18,28.8566096156599,67.51691119678179,7.132586233514775,48.1753336322938,mungbean
30,58,15,29.221761075777994,68.52990021683908,6.470361958029907,39.89491322908445,mungbean
18,46,24,27.087417370234544,68.6974885644368,6.512268383397374,47.176283469793376,mungbean
15,41,19,29.265180962226488,69.09353341817439,6.642083918300171,54.59646036991464,mungbean
19,55,18,29.42555703705264,66.32462918518499,6.585473200939109,45.631465534265374,mungbean
12,52,15,28.810619844018678,63.361029462621616,7.044445507714753,50.76292915143992,mungbean
23,45,18,27.83451231432091,68.18964888767871,6.771135796121788,40.28218105182162,mungbean
36,56,17,27.699585203333672,67.79825977431699,6.480556993082365,45.38937555734313,mungbean
38,55,16,27.170939001685905,66.05575178398603,6.749092491341957,59.72389869053148,mungbean
26,45,23,28.507452934306393,65.79448893205756,7.026553020361457,40.631583734534246,mungbean
16,54,18,27.178864846712827,66.15818554910118,6.659057555809889,56.459258605263656,mungbean
11,54,23,27.379682787045812,61.49532206732526,6.821214678598072,48.27895449315045,mungbean
20,52,15,29.944889130701785,69.36036569657317,6.990465359102767,54.28734338250704,mungbean
38,56,19,29.812908244317576,67.21592701304625,6.960701725251555,40.994859824405566,mungbean
23,44,22,29.40317113093553,63.191932254635546,6.437812832409771,51.039072586069295,mungbean
16,39,19,28.17446486979603,65.38660381875088,6.449920841623094,57.85919282815911,mungbean
26,59,17,27.695804234648485,69.66846258306609,6.93708165199248,41.06143415933863,mungbean
31,35,24,29.059283676694513,67.65608092555934,6.848507925475196,45.507491569741354,mungbean
17,41,20,28.886607097465877,65.2861708283842,6.877381883066752,38.5517874957524,mungbean
18,42,15,28.200805945491084,69.95715403800746,6.6369661382266205,42.4645407645544,mungbean
35,55,15,28.83646791780047,69.12376031980034,6.446561922121932,43.359652177059374,mungbean
20,40,23,27.437587287729123,67.80596856540576,6.709990726068129,35.49216489126866,mungbean
17,47,16,27.91190446842308,65.03222838179579,6.296806310320962,46.51169906745501,mungbean
36,55,19,28.810613600426006,67.5156375979785,6.483673049126532,45.1790343385162,mungbean
14,51,21,27.219588279035502,60.90950730291666,6.52291615386947,52.24170291344149,mungbean
39,56,18,29.62863508366097,66.14192588291532,6.2755293224431155,53.623392034407715,mungbean
16,47,19,27.209584324020074,62.97645799343731,6.396185722897119,59.557877775595415,mungbean
24,53,21,27.364602560645647,65.92345468192704,6.407993223997336,47.12234985504769,mungbean
19,57,17,29.489188738683673,63.69216348771175,6.799735516131252,59.21448383332206,mungbean
16,38,15,27.666219973255554,63.23255236740553,6.327797702129404,39.48913695626867,mungbean
24,55,23,27.79721371215457,61.55398588383891,7.042792509693563,35.79917595283029,mungbean
22,35,20,29.43055964978356,61.5312920544195,6.604327277029598,56.80643440553561,mungbean
36,48,20,29.622513724733384,61.021607675868204,6.881014332664538,37.60521617829401,mungbean
13,48,17,28.88174765759029,66.2653564812288,6.834400519154878,48.869504839956264,mungbean
21,40,23,27.977359387145604,64.57857659520451,6.722603154586925,47.78669667842954,mungbean
28,56,22,29.288989778968016,69.6677972922089,6.96992194314421,47.63943309058899,mungbean
13,49,23,28.772818050687135,67.88420951680989,6.75272645812146,53.66239041998318,mungbean
27,42,20,28.2516160737724,65.59142884700876,6.532118237305683,39.14338683190312,mungbean
23,59,15,28.35802600683454,68.59044305333721,7.009891031112647,57.30336058262519,mungbean
27,54,24,27.480084926978716,60.88597308199692,6.978997660260764,36.65107923553167,mungbean
18,42,24,28.03137427861082,60.65327202010712,6.745694953404587,57.902933122699636,mungbean
22,53,23,29.99032190994219,61.809881013101915,6.214574767079613,49.10445635815589,mungbean
14,52,24,27.897794407275462,66.19714779819799,6.473783151651343,36.35052452661989,mungbean
22,35,19,29.43356221091833,60.232867774516684,6.581244702999084,36.39186440796911,mungbean
59,57,22,32.9170831602728,60.258837314234405,7.623155374135091,75.23385935022603,blackgram
27,56,24,32.315260943430346,68.23443582569003,7.306620421029542,73.70788461731665,blackgram
50,77,20,29.995147348344315,67.67493307707002,7.223523621245395,65.30772867165408,blackgram
48,77,24,27.89947738054485,69.15805557060212,7.1902292753939445,75.05724870310057,blackgram
49,61,16,30.767282161763827,69.41967750951459,7.16773398670361,61.597654322657256,blackgram
58,65,18,28.93263541343376,65.61235497364041,6.944653187610644,60.24791107727141,blackgram
30,55,16,25.377750271101533,66.71185175761903,6.642270455311118,77.23808776693338,blackgram
38,66,15,29.41834778654053,67.59618763379561,7.767998408952677,73.73212259889414,blackgram
27,76,17,26.06959562764514,64.91087151812624,7.098445026589767,67.74884342074421,blackgram
43,72,16,30.24061473056702,67.19249137219775,7.557708012547281,62.40381402766687,blackgram
53,69,18,29.76144903498406,62.08891256919199,7.229731220389567,61.820867480694446,blackgram
58,60,22,27.592051598747027,68.2440705157776,7.619795167187897,69.95174423200162,blackgram
23,70,23,31.910462671048013,62.90374536923361,7.100747831867507,64.4438435233011,blackgram
33,57,18,27.92454569653395,68.53741796379383,6.936555019222758,66.95261052407041,blackgram
28,79,23,32.07282514628281,66.09834599580215,6.910599721594224,68.77471161092863,blackgram
26,57,21,31.314040928032078,64.99021081748354,7.52031616407022,73.38733277571951,blackgram
27,55,21,30.095811993716996,67.12586827146755,7.667200541658278,78.52225621989791,blackgram
49,56,22,25.80243790679429,64.52670220685849,7.093498050804207,73.06725413288962,blackgram
39,75,24,32.02787922449656,69.55314665595266,6.715789550445702,76.82002353188496,blackgram
30,64,18,28.11027926970052,65.02527477829257,7.400821766550331,75.46391458950549,blackgram
24,62,16,30.444978993540154,65.36928211342075,7.270446031754128,69.12728234273439,blackgram
55,63,19,31.357908577467978,67.43055558053413,6.533426026505013,68.74495534350164,blackgram
51,76,17,34.328536069559256,64.20364703714368,7.421566730256486,78.58423918479525,blackgram
44,66,15,28.290479084208116,63.69151677338077,6.835818863288735,63.72859103186423,blackgram
21,60,23,28.12387299705358,64.51430125944378,6.799840597271332,65.41586007899674,blackgram
38,74,15,30.682862380807478,62.571795533877165,6.665336946076083,60.2018966007179,blackgram
42,61,21,29.718644242463547,66.77468291025885,6.526832778500576,66.67821133989169,blackgram
45,75,18,28.440869872919883,62.95573312340235,7.222489722794299,64.49214968661389,blackgram
27,64,23,28.072911780862203,66.8949942386719,7.4494887770284475,67.79990544426715,blackgram
52,63,22,30.049092569208277,69.08814156323892,7.048911822615253,70.52034135850047,blackgram
39,59,24,27.560937051205855,69.68479126620011,7.29762724823073,70.76309095950867,blackgram
28,78,16,34.878562912911626,64.19941111520816,7.382604162042156,71.65124673372782,blackgram
27,75,20,25.1525995533654,60.22917737236937,6.573625436077742,62.261362777660494,blackgram
23,57,15,29.87624134962911,68.64213111455214,7.599836695117998,61.59263739258939,blackgram
35,77,16,32.782640049905055,60.27550166434828,7.51004449390006,66.05539283404148,blackgram
43,57,24,28.79536830583271,66.8188566756535,6.804186006057231,74.66337600460994,blackgram
30,58,16,25.788600081499585,63.405749561876775,6.586262744140121,65.96404063974475,blackgram
47,63,20,31.611335775005337,64.7699723956977,6.717240393915479,70.86479983771092,blackgram
27,63,15,33.989670611339804,67.47885305706525,6.618937814078912,73.2231311851713,blackgram
44,61,15,33.99922636118164,64.05463801054775,7.047296238046771,61.00504579567148,blackgram
28,56,20,30.487420875458056,62.56032154613159,7.719291007322809,64.9649103956034,blackgram
27,71,17,26.354074252567862,61.35018128637298,6.754577457246104,61.20978002799093,blackgram
49,70,24,33.608153359912365,61.44597599816713,6.9100083968915404,73.6820627610145,blackgram
56,68,16,32.39683926312838,63.473350214987136,6.896517873137576,73.2998280753885,blackgram
24,60,17,32.59427687450289,69.47442243947528,6.873342126076886,67.56305883582769,blackgram
54,57,19,34.914666029656516,63.485965438835265,7.745247498197948,63.773962689170965,blackgram
59,65,16,25.72811765389359,68.55809298761554,7.188736076751784,60.86941568224913,blackgram
59,75,22,29.532246990464245,61.859939094489626,6.57892077090871,60.159780823240624,blackgram
37,76,20,33.12826014994241,61.09090083448898,7.30414669563923,78.76585176094842,blackgram
44,59,22,33.753073209713335,63.43123601053209,6.689303181720694,63.75312357722888,blackgram
37,55,15,26.8053590983138,62.55086647603382,7.533774009036073,61.94808886810171,blackgram
24,57,21,28.795870307576347,64.15623135329443,7.123273336647349,77.51383694682912,blackgram
36,61,23,25.728317084955805,61.83720428526954,7.546073916924345,64.99400394071212,blackgram
45,79,18,28.75215965064149,65.44812394020927,6.508204818966054,72.60839155110311,blackgram
39,67,18,34.25515309731301,67.97319135368846,7.614579550418126,76.19316300809504,blackgram
22,79,19,25.40576344572221,69.76457840967927,6.591724638215554,72.8069129762673,blackgram
47,77,19,27.242576890025965,62.54057211604766,7.316519782420421,66.54436167315721,blackgram
22,70,20,33.370101651066065,68.65651280322092,6.732204412609586,64.33896993607,blackgram
27,62,24,34.71258364200108,66.7427336376858,6.575504140510306,62.11301900021205,blackgram
36,63,20,32.93092364349804,61.037387578962736,7.0684593944649645,77.5883259612871,blackgram
45,73,23,32.34880016693319,69.14137958776541,6.702080046255989,73.6914353095628,blackgram
33,67,20,29.06984563685976,68.54953718039829,6.747416625499022,79.65046082136729,blackgram
22,66,21,33.46152799248127,67.28546818146043,6.839342787036006,73.15098469500933,blackgram
21,74,17,28.55613109517608,66.47527825428834,7.615264961766766,76.97570230577642,blackgram
24,57,22,32.10095935396586,63.86194973857244,6.556432647148584,62.4591400229274,blackgram
36,76,21,28.623357705160505,61.10082428814399,7.318267936500359,74.77887279565226,blackgram
30,79,16,31.356585379083324,61.032889503242096,7.086868384857804,60.3093348737999,blackgram
44,58,20,31.591062188998716,60.491450005985584,7.087799460153812,73.9392253070338,blackgram
38,79,15,25.92504088170153,61.13981481723128,7.318928507473007,66.18513013426019,blackgram
44,74,22,29.41770965074825,60.20038704904305,6.9094223540129125,65.74173765713303,blackgram
56,68,15,30.237426214218246,67.47559553125015,7.0350441821468035,64.46946183156186,blackgram
51,55,17,27.840137172783674,67.84707990137275,6.969545165771247,63.815687910058415,blackgram
37,69,18,28.533763953870512,65.63171741346594,7.6980765532556035,68.17205156116427,blackgram
47,67,16,27.255824196709053,62.16989388091054,6.622629835560979,60.253703058697674,blackgram
45,73,18,26.865526970693757,68.93805426672878,7.313318363555192,66.83455741229692,blackgram
59,76,22,33.8536026136297,60.3122197327719,7.004991259912279,67.9594313925082,blackgram
24,57,20,27.817718768277626,62.001384115124374,6.942351663688113,76.59623219587053,blackgram
40,55,17,30.435522036020338,68.76205813817938,7.17229561007973,78.15467612101799,blackgram
57,74,23,30.67546736246233,64.63658953603026,6.777059835686152,63.02839035371537,blackgram
21,63,22,32.204236078410126,69.64608114863339,6.792040717565247,68.29211321391692,blackgram
56,65,20,34.75820802802349,64.06637717853097,7.674543703255473,79.8990400129954,blackgram
54,77,17,31.36803541669805,66.17558471638321,7.596664443025961,76.90320817347174,blackgram
55,76,16,34.06942043279314,67.12528738436163,7.048000755726429,61.14534457904055,blackgram
48,75,15,25.50191018518394,65.46586717954237,6.5863807007815796,76.2589584105655,blackgram
55,62,21,33.20081955706486,65.18427844307351,7.0506001137210905,67.58764636027817,blackgram
35,67,17,33.761555372931554,63.39383872375606,7.3670039289979075,71.21177856936234,blackgram
56,69,19,34.420870739541044,68.70652072529323,7.699482764652221,64.15396223058532,blackgram
21,57,15,32.765224401320964,65.90587559671361,6.659167739789541,60.77773261748062,blackgram
46,64,22,34.57408554357758,68.88796699936096,7.321200100063127,74.24983055619828,blackgram
49,76,18,26.87540610339583,61.409093531817426,6.896380924510408,71.66726335889896,blackgram
45,73,16,29.602710436124077,66.00899203552223,7.666519919763939,73.73631101082533,blackgram
22,65,23,30.19669884514361,61.7158534550133,6.579809763200862,68.5421501187093,blackgram
37,67,19,28.414127485046624,68.34560780001004,7.248822163129129,68.81032767552985,blackgram
49,70,18,30.926876590646028,68.37341982319668,7.503906500128446,66.24462609667926,blackgram
49,61,23,31.258903667433096,69.00988647323553,6.679880929255736,60.40941562559484,blackgram
58,73,18,32.189656832218716,68.07769581221721,6.915000169282563,63.955278428036955,blackgram
48,57,20,34.90203735989835,66.38248659828034,6.830925912228862,77.47229007608792,blackgram
55,63,23,33.189106616385715,65.91397054188312,6.737640471266221,69.57910315996578,blackgram
45,55,23,34.89561967911117,64.39384348854308,7.0984663709959515,64.68321464800468,blackgram
32,57,17,30.85243414582486,66.94112635426121,7.544135754708156,77.835754526069,blackgram
28,66,19,25.191703623771936,69.35406983595067,6.520724415606607,44.596830099533825,lentil
21,78,21,27.477816258441145,68.76828349137678,6.613057263062846,41.3015936299082,lentil
36,78,17,27.059925946107327,64.5822590442876,7.0429743571296655,41.23910038705894,lentil
17,55,16,28.106864592400875,61.164292407867094,6.179619523232464,51.15154490889097,lentil
11,69,15,25.784058674211316,66.85478098371536,6.633676547185163,47.440675089800166,lentil
32,66,19,21.633081092684026,65.50532595174613,6.405322779903747,39.19109933171599,lentil
34,79,23,18.304251510830326,61.50873454664294,6.085655530205107,44.52216557723429,lentil
28,67,15,20.16155656682161,62.66923484351736,7.167036049401504,42.10157965650064,lentil
21,76,23,26.145500787705345,69.21604389663513,6.179341882354029,51.18746321418154,lentil
22,71,23,25.07927574213425,63.02573243214055,7.24488302750218,52.78353350927411,lentil
21,65,18,20.227631671561547,62.724433617649204,6.757800641993145,35.082787540468956,lentil
24,66,22,24.32282315752198,65.02876187035476,6.990096687245292,46.52922600226451,lentil
25,68,24,25.486129134048976,66.02598492896492,7.049200154203021,50.25041712527539,lentil
31,70,17,25.92827391876588,60.51364278698189,7.361293340942497,38.047232379957904,lentil
16,59,18,25.57852940236016,60.88510092786575,6.512324863776622,41.373340070922175,lentil
11,69,21,20.99278425345048,66.23120883248458,6.1568715410966615,36.45790589478776,lentil
38,65,15,21.228152323983167,62.68263873647443,6.7755959833692465,46.65761075452341,lentil
13,55,15,28.567131148528947,63.94117932000799,7.452912355083889,39.77106969429446,lentil
22,79,17,20.76082508377893,61.79453257116331,7.281063251501722,43.18371368120674,lentil
32,58,21,20.843553558680288,62.780387547819224,6.413904654570413,37.47809059254502,lentil
21,75,20,26.94270650471478,64.2286983769021,6.45966429857965,43.61214355196125,lentil
25,55,19,29.6082510236758,63.368947479340655,6.729794923203695,40.143576339452814,lentil
29,73,23,26.79779681865873,61.209204271431126,6.01630688061074,50.318165817972535,lentil
26,63,21,21.214663875128853,63.43228582657904,6.117228358596735,49.21533017375408,lentil
34,60,21,23.35924646192222,69.32025964563222,7.488143102166725,53.48751994404341,lentil
33,64,18,21.054861061194323,62.95603376443973,7.20472856688353,41.10020678366733,lentil
39,55,22,20.200291800350758,60.0407354392933,7.071846389749623,37.814013895882454,lentil
19,70,22,23.467250600870745,69.1337722712737,7.188129920049669,43.38538459989263,lentil
13,60,19,23.139740948957233,68.65608645770828,7.249816258099152,45.17469055244327,lentil
22,64,17,27.34126630973558,61.30454397155636,6.02627114777658,35.78247548483685,lentil
14,72,19,27.525481024983236,68.65381152273395,6.417560516639509,42.138384214947926,lentil
28,65,17,28.600857809857715,61.71210916048931,6.814200084090304,48.97598422006911,lentil
37,69,24,23.790517859638825,65.45753686414757,6.663229497268094,38.50589784452199,lentil
38,62,24,25.45572012723007,64.38679923445396,6.717787678812506,54.480796659448366,lentil
17,60,18,28.238681376110637,68.13143676931338,6.943796250364708,49.3799849335509,lentil
25,59,20,23.203693815750725,60.26821008330687,6.5006110827112,44.72075596482778,lentil
20,68,19,18.520349078488763,63.68389994025638,6.37112006209473,48.183793937597564,lentil
38,65,22,29.02044532609375,65.79877503797749,6.715851543181528,54.15039227382037,lentil
25,58,23,20.723758258404388,69.53924597906088,6.48850657143208,35.93442041783227,lentil
15,70,22,26.73652452804122,68.87797179876871,7.2392201588883545,40.60612915967833,lentil
13,66,22,22.50607542283843,67.01797873982338,7.421823701566627,41.897587552968375,lentil
16,67,23,29.43326056918576,63.862662263707016,6.561915756295442,48.87091219652535,lentil
27,58,17,22.207762183012356,64.08682040295038,6.3802697970458375,54.517227981059385,lentil
19,72,22,23.774740997755917,68.16846587550569,6.913471527889958,39.581352783519286,lentil
12,70,16,19.78720777062518,67.40515178194698,7.205649795871882,47.38515694219659,lentil
22,56,17,21.496779314474548,66.46170584366958,6.831302985490786,39.15918257063656,lentil
36,73,23,20.453894085272303,63.04489544740324,7.031565333281227,53.651278857948554,lentil
38,78,15,20.835794175785892,64.462898035869,6.601494760769845,45.65490018269383,lentil
35,59,24,18.599116721335005,61.99793139411228,6.357194162116815,37.13963773703307,lentil
29,70,17,28.32139936626747,62.293064950364865,6.662556149843736,51.34746899500948,lentil
39,78,21,18.30100723329285,69.5258196276973,6.6223518200237335,37.93021306429288,lentil
24,70,23,29.028411043485328,68.61992951388893,7.286692112050663,45.392081041800964,lentil
34,57,22,22.849404785158832,68.19755973990252,7.16762190519438,52.85829415395219,lentil
24,67,18,20.078064234524003,66.8038619325608,6.534870653562146,47.389725688463386,lentil
16,71,24,18.459465489531272,62.50974846684499,6.525698026577033,39.01784535026548,lentil
18,74,22,22.269696663821428,66.25504821577209,6.669908697810214,52.05062317505866,lentil
34,64,23,19.186345490902532,65.49774405286779,6.232429534061869,38.632422264882244,lentil
35,63,18,25.69189707961302,65.72517463093646,7.298663408459973,45.96519422612107,lentil
30,64,16,25.69672407473582,64.7211347086234,7.205937420881529,35.876638123574224,lentil
24,70,20,28.872796570619915,68.73908711085826,6.164790481649124,47.55058077700539,lentil
21,58,22,22.656137997545834,69.9874347171955,7.295976300814326,45.49671018103993,lentil
25,58,22,27.90693347342686,61.07944136181166,6.402297642142297,35.11041520971356,lentil
30,56,23,25.689005227682564,66.51443768192117,6.491530056528648,51.42693230221616,lentil
10,77,16,25.627686245398873,67.1585756818689,6.588866338920323,37.474301593704716,lentil
38,75,23,20.815297763795026,62.07148040446515,7.044617448433025,42.69712225140995,lentil
26,70,17,21.35215771841259,64.14780917561441,7.063543169945059,35.12883520101223,lentil
29,69,18,25.908526530125815,65.20737961865012,7.32391192997302,51.59060568249312,lentil
21,66,20,25.026031062080644,66.14714089254107,6.26330192974003,53.24635275814478,lentil
27,78,24,26.360122495603473,69.22745954466471,7.410825963578584,50.80872695566491,lentil
34,76,19,22.67762857051067,67.81292130429337,6.73392742590804,39.014625514674755,lentil
13,75,21,23.40549902440939,68.42897914699668,7.301211988251033,46.247071918054594,lentil
23,65,17,18.240823643547035,66.16547675236022,6.660641460298817,51.204675720672,lentil
17,55,22,26.447419828006428,69.0198430926194,7.126483061135822,36.12945572773589,lentil
28,61,15,19.15663113518054,66.66353230846812,6.410498116565898,54.640776906404355,lentil
16,77,17,29.31847435796088,63.70437605946232,6.589220378524072,44.435989457920506,lentil
33,58,22,24.383741866936166,60.76642372144762,7.075599710384196,49.779532059774375,lentil
35,67,24,24.549529435843013,63.54918474687808,7.001804343328476,39.08230973874918,lentil
30,74,20,24.30797401841483,61.096722501591465,6.747005735508729,41.38120986906594,lentil
36,61,20,26.55042727183057,66.37002499157143,7.174717442718145,40.73633011496591,lentil
33,78,21,28.387209704199478,61.992910259643125,7.299920868993197,43.06992104186486,lentil
33,64,20,24.997685318282578,69.74417110042195,6.158690710848858,42.191250512118714,lentil
21,76,22,27.796580576030962,63.89708622787104,6.488777415519092,43.45687555400707,lentil
21,75,16,28.335536769293498,60.47099870472503,7.201171996162069,39.57389576796572,lentil
35,78,15,29.540370103692375,66.56430103952803,6.097532026042325,43.28445970816692,lentil
19,59,21,25.366090158767854,62.69767681627509,6.023863816100885,41.38935621606876,lentil
10,76,19,24.403410575736128,68.05334551262075,6.589313629785888,49.47040558400656,lentil
27,71,21,22.399820707564167,61.792298778434805,7.4987941349779605,43.65197352915398,lentil
17,76,17,25.797077564265866,65.25666943141813,7.336742637707251,51.398209631186816,lentil
28,78,22,27.00620954120251,68.3846883969484,6.619494583472127,41.68910194706123,lentil
34,61,24,29.857909661015213,63.318923415379864,6.105402687507408,50.98846842912009,lentil
13,63,18,29.658270200820965,68.24613627651541,6.051258048723071,51.5543762932609,lentil
32,64,17,18.16948321961836,60.00900755526088,6.577570359305175,49.12593981450894,lentil
17,55,20,23.791942016846498,61.052313399091155,7.116321162943438,51.74873624398897,lentil
16,75,23,27.31612804920616,68.67068375241666,7.0807561409617925,35.172341343417635,lentil
33,75,18,18.16822378910002,64.78813452774494,6.140304102525867,50.63824208732572,lentil
11,62,24,25.08723521332476,66.52929110916428,6.86462817326974,49.63846018807324,lentil
30,76,18,24.92845975919999,68.0575993206463,6.910633039112521,36.58950015311412,lentil
34,75,18,23.081177385453227,63.94368310737059,6.2287349840757,46.57805210902994,lentil
28,57,24,25.46477761733184,62.37471489938546,6.233805312433761,46.00407035229854,lentil
22,56,17,19.14823262153315,60.76898303353208,7.20590449923521,54.09772489357698,lentil
19,11,35,23.116978062921824,90.55595596159755,7.1905241577070305,112.49307884237987,pomegranate
26,15,43,18.50507897515727,90.8353354230377,6.62011343217824,114.75224880308495,pomegranate
23,23,41,24.55010287892929,92.69579088943811,6.078394868691139,113.83785149697874,pomegranate
37,28,40,19.480228515581754,88.00701208693948,5.800440273992505,101.3353822931701,pomegranate
36,28,40,24.510010442676354,93.46290515888961,5.774450634918884,103.21994142054196,pomegranate
11,24,42,22.206185984271535,90.87904050840443,6.563781655468907,111.97933816534416,pomegranate
13,26,42,23.88522324544046,90.73844262863797,6.209650550969815,106.95361205771087,pomegranate
30,27,39,21.47912376978973,90.66535099297491,7.136428255651435,104.03797489155673,pomegranate
32,13,36,23.05255961192912,92.72011347798494,6.6330930858770145,105.79890042615472,pomegranate
10,19,41,23.291710031604005,86.06121627093975,5.957055702630697,113.08078923894415,pomegranate
34,16,42,19.155509072035155,91.01445157244846,6.902530448542932,101.05967567534621,pomegranate
32,24,41,19.193930259692532,94.86425571214772,6.691961953990136,114.58059727646406,pomegranate
24,10,35,20.663358504104963,90.7019661871132,5.773463924917449,106.57327798575612,pomegranate
22,29,36,18.044047583578624,87.03193509094315,5.837027802030642,114.00104732122466,pomegranate
36,23,36,21.43637283695579,92.55775724416394,6.346261307057299,113.89875974096343,pomegranate
24,26,37,20.209528332575132,89.03954656125744,5.763809721321229,112.91557045719858,pomegranate
38,21,44,23.130877823918862,89.35595969402482,6.795316880841941,117.18446499816646,pomegranate
12,13,42,21.945132071008196,89.87151062045398,6.297112681038273,108.5557703647029,pomegranate
17,23,42,21.51183944918761,87.02746739294035,6.561350347076285,111.56039170848851,pomegranate
30,12,43,24.7227001143161,88.10964472144188,6.158145572451865,116.66593422792383,pomegranate
30,19,43,22.22099928824953,85.31118658904872,6.091915581753027,106.93243345291368,pomegranate
28,27,35,21.37302261969128,85.90083801697772,5.894023634785101,115.0689114011802,pomegranate
30,24,40,21.800991528522353,85.43629912130439,6.386907546927114,116.75595440347728,pomegranate
17,25,35,19.418462248363955,92.54031414319289,5.567220573780461,116.28463476065306,pomegranate
23,21,43,23.728671220677604,93.10050970834693,7.103212038268544,112.11351618593469,pomegranate
16,14,36,20.47362336656469,92.38156034952381,6.151028216342236,117.78534906569554,pomegranate
17,18,43,19.06717207199139,88.79446266918433,6.639533334496163,115.18166425691199,pomegranate
28,19,36,19.042966793390868,88.4970072563648,6.8023859954633625,104.06922576199423,pomegranate
31,27,42,20.47669817392125,93.95209744129724,6.095865534002688,114.24936036294105,pomegranate
26,26,40,22.981579994102248,91.03157681602464,6.1278864869361565,114.59192280527174,pomegranate
27,22,44,20.653780714203826,85.65102289865688,6.956145595246072,103.68140660631151,pomegranate
24,14,42,21.98924130701525,91.11505070070979,6.557410327290666,110.34322538988633,pomegranate
24,24,40,24.159452107668052,86.54660062393803,5.899185924008832,116.98427577951371,pomegranate
24,15,38,22.532950590288632,87.55819687090354,6.007193114595513,111.5662553399015,pomegranate
33,14,37,23.139755478991436,87.39261918725622,5.796974726646542,109.7792970010435,pomegranate
18,18,43,21.490460689812643,90.29815702273092,7.159899327800818,108.26109760541978,pomegranate
36,25,39,22.243030378149626,94.01835072652192,6.073825506057154,100.60531015248003,pomegranate
17,23,43,23.93383744636872,93.09024199639092,6.903001806144376,116.65578025920338,pomegranate
30,27,42,18.75222530651566,86.70644056676302,5.558812102845472,110.49305831023327,pomegranate
22,13,38,24.156771734701234,85.06183452818983,6.1879174450181145,119.18352740221405,pomegranate
19,11,44,21.82183773650536,88.94466332891153,6.343296469867064,117.13869347424213,pomegranate
23,29,40,23.179493412821397,88.47623566035318,6.385981683005636,111.50111571128397,pomegranate
21,24,35,23.710082248091123,89.91390421753096,6.245892325638406,107.73311358483953,pomegranate
37,13,41,18.94681545184472,91.28951067993773,6.761665963477061,110.33453936178867,pomegranate
23,22,44,19.13529899421945,91.50880069466791,7.157616469117852,113.35680466403268,pomegranate
25,14,43,23.737356358630628,89.8196156213782,6.931399311305538,104.24018114269872,pomegranate
38,16,38,21.74180416716194,86.74718916701813,6.503197115205304,104.53391121191237,pomegranate
36,18,36,19.850091688259766,94.3563457358659,6.90120865937084,104.49158428226923,pomegranate
18,18,35,23.69863641035638,86.99697402294602,6.6177113277003725,103.91662031701384,pomegranate
36,23,38,23.124567329189087,85.26713416018373,5.971044272532923,108.51679786165273,pomegranate
20,21,43,18.53112207367733,94.20390681846992,5.8598733037951245,118.161612286915,pomegranate
26,15,40,21.078954533026355,86.17006843899496,6.344655071596538,119.93420174159417,pomegranate
21,14,37,22.969678334343282,89.16089936186982,6.718822166217845,101.9130091913294,pomegranate
21,18,36,21.999605647767737,91.93223893557746,6.79944529994588,103.70689040641633,pomegranate
27,15,37,21.136198781452947,92.62847350778543,6.777519525587058,100.76124947679212,pomegranate
27,23,42,18.903929293808876,91.369246607787,5.875246884219442,105.21917834799015,pomegranate
10,14,42,20.81871754415698,90.50984357428018,6.272288839481179,103.28333302813758,pomegranate
11,18,36,21.70911428105004,94.85770388832414,6.82538219487338,112.76392960438719,pomegranate
19,12,41,22.442407051301647,94.22748594169576,7.050990863224213,103.8824135233836,pomegranate
36,28,41,19.08691410270642,92.23416748626839,6.556391703436917,117.14087474096999,pomegranate
23,17,41,18.83649067321554,87.68425332411795,6.288497930476315,113.52234456689555,pomegranate
36,26,38,24.56549993722448,85.66360989992933,5.987171450464257,105.66245833467075,pomegranate
31,18,39,23.543794895622717,89.21058440389187,6.06961539272648,117.51920613105926,pomegranate
33,11,39,20.18299490263666,86.87298166681767,6.359939769614951,104.35526531119665,pomegranate
33,20,44,20.64666543732437,93.87161595751891,6.769150680162635,112.1157550386508,pomegranate
15,13,37,24.27793909594437,87.70236286394459,6.311519071907953,116.7938624875392,pomegranate
39,20,37,22.14818030678223,90.76416651219218,5.716959320761979,108.08448649017873,pomegranate
35,25,40,20.29530287447595,94.29338834902006,6.053424176140447,113.5663326149348,pomegranate
31,26,39,21.868686196458924,91.9220567936688,7.172511559683558,100.61610708622791,pomegranate
19,20,43,21.78108543405023,92.21484269551044,5.509238889803982,118.57145996777503,pomegranate
19,13,43,22.28356727784688,91.68680225707274,7.1755737574803415,109.4928420702422,pomegranate
22,20,35,20.762059072500488,93.42462018290291,5.875810958544337,108.58494802295014,pomegranate
24,15,37,23.742853252300385,86.59555773853728,6.2920587566816755,111.46396556157532,pomegranate
17,15,39,21.355182536735114,88.2795881340806,6.5150609998012206,115.13882478445782,pomegranate
23,20,40,24.71366414897556,86.56707388623023,6.07089383473946,110.91995483333848,pomegranate
24,21,37,20.553464854083938,89.91118439417,5.6041531939149065,116.25965696468427,pomegranate
24,22,41,22.73789470234748,91.03898408290672,6.186872897149817,109.52887460940845,pomegranate
31,16,41,23.780650882252246,91.67548848284169,6.5370034869412805,100.89356355556967,pomegranate
38,22,37,19.261132622186942,91.60446114897765,6.873325254249447,112.5192496616869,pomegranate
32,13,41,18.446040728228738,86.37656100304619,5.912802213449641,110.7368332932431,pomegranate
24,28,40,22.98773796415646,89.96125336932106,5.738773501031902,109.28095279244677,pomegranate
36,13,37,24.61855969830894,89.39947392282484,6.736663051314879,113.40712004960416,pomegranate
17,10,36,18.189326625356152,93.06046764625017,5.943464624879249,100.54117852577859,pomegranate
28,15,44,20.79068927994347,90.64219028181078,6.2909592471765565,113.78027439990996,pomegranate
24,18,43,20.3502091723799,89.29544440837343,5.966210584520767,105.039982194225,pomegranate
36,11,41,20.031240596593733,94.61093768225601,5.5229999294521575,104.19504640298778,pomegranate
38,29,39,21.55159635567857,89.39069968894036,5.536112642249934,118.22420651917483,pomegranate
24,23,36,20.722204206299065,90.24842729761568,5.957402418779039,107.86847959692967,pomegranate
13,19,42,19.973195013129338,88.20760333041699,6.659580961280326,104.71260898270634,pomegranate
30,10,44,20.888198774048526,85.37225012708434,6.666262150528356,108.14801628271846,pomegranate
36,16,42,18.822239169090935,94.2511869011568,6.218354755125397,115.43781725954321,pomegranate
22,23,43,18.281726652682583,88.03110979218694,6.040197328487575,114.73237639124737,pomegranate
38,12,40,18.043987473237923,91.16702274907273,6.2244935494802345,115.61735852482431,pomegranate
17,10,41,18.131054562694267,90.1493539239473,6.104982702342264,112.26932998030773,pomegranate
20,13,44,24.729684715856585,88.91811607212891,5.787127958357947,100.33941228959084,pomegranate
10,12,39,24.588135571129886,90.29555328710768,6.8525059699022295,100.91246343230053,pomegranate
34,21,37,19.775517126587452,91.19659553681417,6.359743249108429,112.2304986553113,pomegranate
34,27,36,22.82772572958016,91.79346141033145,5.50904496243287,116.88123341317426,pomegranate
34,17,44,22.728952429686906,89.62783471798761,6.520392461913482,113.75876491435719,pomegranate
16,28,36,23.550397216646687,88.76956406864413,5.922934411934726,119.22623316333629,pomegranate
112,77,51,26.171659038809317,79.1777691913507,5.726905510606357,116.06089799391879,banana
80,77,51,29.605821406815053,80.2615588097016,5.594174055634312,113.01983982423421,banana
115,86,46,29.688688496351286,82.7001714550374,6.2710291116268655,109.84659358801012,banana
103,87,53,28.15318934223443,81.27955621078726,6.256213702674039,101.36902723547163,banana
110,80,47,29.71431313975625,80.5005292435178,6.08290693666129,119.81954153598456,banana
93,71,46,29.51747357849642,75.20037942532794,5.572754149421309,106.53020598222903,banana
85,90,45,29.169894801892426,77.73748965087607,5.663853454452605,107.26479600437185,banana
86,74,54,28.069232177570235,75.79559074289429,6.375070550037946,119.82942404030224,banana
91,87,51,29.219182813248317,82.76338408773198,6.007138235765153,111.47096295224596,banana
86,71,46,27.105735364845028,75.27958440329267,6.09457852459092,116.11269118358877,banana
80,80,45,26.63128215612404,75.71819108764815,5.738806781826348,94.77729405137735,banana
119,84,51,26.62502624842757,77.11669759546896,5.68001821201474,115.00539852219981,banana
90,88,48,26.60011012982052,79.9412537107717,5.691220294607103,91.35070023253229,banana
80,87,45,29.516642928805894,83.94091853307786,5.669927729267079,97.36747606520191,banana
108,71,51,25.919483130813497,81.88509463809974,5.609027615263116,109.35823543894224,banana
94,89,47,25.90398401207933,80.74551488780018,6.216805487097444,98.26734318381641,banana
95,94,54,28.960780900706606,82.29119398283243,6.154300828431151,109.6896965718682,banana
95,84,46,28.356182612172482,83.57333236983234,5.868141357341237,92.64064542058675,banana
102,88,54,27.914909121458443,81.79761265285376,6.130942302539434,94.74054425639963,banana
116,80,51,26.607109205110827,81.20733309094696,6.362009619174231,99.98396796272888,banana
91,94,49,26.703428859159573,80.00611308782399,5.999189941628375,94.23013286988675,banana
108,74,49,28.61818576799834,82.23109853432297,6.0521875095406115,93.00352947479274,banana
110,78,49,28.300306254721235,76.01687900855323,5.9240300028577035,91.07085937435656,banana
85,70,52,27.35017029219887,78.71826358317114,6.491768602873849,102.10561903027114,banana
86,82,47,26.194954569065974,82.39965113545041,5.901859180463387,105.38616816996377,banana
90,86,50,28.208496576183453,80.81977089772512,5.582335430676262,119.53959494239967,banana
88,72,46,25.561763237076207,80.95315113991208,5.578090704981401,119.40119582171687,banana
81,89,51,28.296817448578775,79.3500687855822,6.364020374875747,113.48731290645621,banana
119,94,49,28.74066884034079,79.68592825471528,5.877540812863085,96.88391756353646,banana
99,78,50,25.14796466893812,81.52953559615986,6.231859655662735,98.0610671418752,banana
99,91,52,29.350719664695937,80.57827753558384,6.4548961593382215,103.74189817113387,banana
106,89,49,28.15413736800334,84.54156966601066,6.088668547759166,107.06356865201931,banana
96,93,51,29.863230060899774,81.17490486820802,6.291390034171878,99.46657489720486,banana
113,81,45,26.440685357917776,79.90025385542096,6.312183270315573,106.91554312988578,banana
107,76,52,29.260803798224458,84.24738457581445,5.897027575864404,99.80617723358566,banana
109,73,49,28.7201547167128,83.97960954790204,6.381702347121342,107.69028847641894,banana
101,80,48,28.54205106618761,82.59171065677515,6.3211818734348615,111.69862533607025,banana
96,78,49,25.442841531983447,77.52933777854004,5.563118245071254,90.03899474261044,banana
104,72,52,25.29526430873211,80.1220064976259,5.842542194621704,95.20014308587463,banana
96,76,49,25.988748729023754,75.86335337717509,5.514270310590416,113.81906998119526,banana
84,70,53,25.200147682681994,82.44791109918373,6.432162950120804,111.15459314464535,banana
115,77,48,25.806506385016895,75.29513154273857,6.359481997486638,106.24004605456109,banana
105,76,45,29.681048116168167,78.0989789088483,5.83612795549273,111.55703254081646,banana
92,89,48,25.677818346096377,80.10972485086123,6.452618524474761,96.6953013634272,banana
100,73,50,28.401182014615202,79.86543570527364,6.193081777288505,96.69713448484737,banana
108,82,53,26.672612631800472,78.73744794103128,5.696313999940642,97.05465212100445,banana
112,71,46,25.730813305715387,76.4026188678784,6.313970829428404,114.81023700801066,banana
115,71,53,27.355167068254676,81.28291331559564,5.607015537190902,112.54051588848635,banana
88,86,54,29.98601427392789,75.87654110611572,5.6807568213675825,112.45856407163677,banana
119,70,46,29.91253841362927,76.43048223792537,6.2965605028390526,92.95964491895438,banana
94,92,47,25.431320564701238,83.73562651303416,5.713313827769043,107.97540009348785,banana
85,78,54,29.924470394945445,83.57177718306465,5.521394251824147,91.06750022288072,banana
89,84,54,25.63487616006247,81.56258273413107,6.46830669162823,105.58343365623497,banana
108,94,49,25.58470617408959,83.00045425886783,6.06636850944063,100.34678604506536,banana
95,81,45,25.723736359919204,84.48379639031364,5.805943343706257,103.58714995721971,banana
91,87,47,28.707619048594072,84.0326675692367,6.156648038753635,92.21949560983002,banana
96,74,48,28.56600580712983,78.61307515626868,6.047391068686998,95.56822491212021,banana
92,91,50,29.83098235868397,84.05957870392349,5.78964263856336,108.07680701464656,banana
107,87,49,25.62783704627226,80.56764563697597,6.386339504073183,115.2409462246401,banana
100,73,54,25.113044830553303,83.32390372806563,5.934677458359698,108.63271095386058,banana
115,77,51,26.182049867208868,84.14311248955168,5.7190115112820035,94.54979919314205,banana
119,85,52,28.377156911982343,80.37994340744177,6.187240841393306,117.58479270852742,banana
92,83,51,25.061257934730012,79.07427000950754,6.052543552464778,115.9544151532501,banana
88,92,51,26.06730196672559,75.77184342953711,5.6778279191479974,114.41442755222859,banana
103,83,48,29.019527073863827,76.3607676067248,5.964147347301612,110.68024851363002,banana
107,88,47,25.283068340086334,82.79066609994891,5.627157913882574,119.37178842147074,banana
107,85,54,28.691308361936454,83.51046537728782,5.885941945247845,93.2168121334309,banana
86,73,53,25.5131502910796,76.85522727658903,6.010144795496532,114.53963560330938,banana
118,79,46,26.055501713298025,75.88010712270511,5.907119469364537,100.28546839530374,banana
87,92,46,27.257050039313786,79.88914877911931,6.268533160130223,119.53095202516393,banana
112,70,45,26.847611506636397,75.51254290825337,6.366101438716655,118.31125118313997,banana
99,85,48,27.223791772928614,84.21191432023087,5.946529682720122,108.00494428554225,banana
104,84,47,25.58846219624261,84.00940335510089,6.264805531650414,97.34675572634654,banana
96,84,48,26.029097947749133,75.23337082667464,6.2687190023376145,105.65331046338672,banana
89,71,49,27.619505086039084,84.59087516479637,6.353894334366275,108.91715664954404,banana
115,90,49,29.103330155203153,76.88861788513948,5.707812907148974,119.629763726259,banana
89,76,54,25.071511572756407,82.35556421645352,5.844723511182273,99.82342733555701,banana
89,84,51,27.581867288712175,81.44911925611049,5.811670067699915,99.1402200012031,banana
93,89,46,28.62131712500857,81.54046041475495,5.816670246854343,107.60225071791281,banana
82,92,53,27.06505112121038,79.24167603205977,5.6911233723762376,97.33162756620098,banana
112,71,49,25.45948509265384,78.71175556640844,5.744053735050048,97.75382280750621,banana
102,76,54,28.59025464313236,76.4987347189675,5.798845338978469,116.99332015830058,banana
119,84,54,29.754526529872216,78.69065103682973,5.545964124730855,108.0892424347341,banana
80,79,51,29.542046555676265,80.28192993613669,6.285831734020027,108.51438893844626,banana
110,90,47,28.013351970906864,80.99238797455065,5.736871973889774,90.96485785704957,banana
90,88,45,26.588917425327338,83.55424939930192,6.313001092699492,99.42444969461602,banana
102,91,54,28.294075079803804,82.63934450496983,6.380996221082437,111.31218140587693,banana
85,87,45,26.836882184763084,78.17642144867547,6.307082146838151,118.94598982648952,banana
100,87,48,28.63450445806809,76.40242153971369,5.7303196473605675,93.74352051468485,banana
102,74,47,26.090109045676424,78.49139718373443,6.036604861713935,96.29374629081259,banana
115,87,51,28.622501588398826,83.14049795434534,6.1948063426079925,100.02126741931899,banana
98,85,48,26.998125633008062,76.18552300510143,5.8967798046098565,91.82177449759129,banana
117,71,52,28.79577954389655,84.74923071274304,6.497229457383056,101.7293132007768,banana
103,70,46,25.548094272512685,75.83711491537348,6.4450045211311515,90.2491618387761,banana
115,89,53,25.227176641896733,77.98896100131401,6.194605343590141,102.97841824623994,banana
104,93,50,25.34768850210835,84.29388775693931,5.606783761450378,105.28890501290196,banana
85,91,45,26.599418792686688,78.13066955754982,6.167246284907927,118.25470868539801,banana
85,88,45,26.58482945015488,79.36851019279749,6.284927205065712,116.36594012772083,banana
87,75,45,29.51149701570297,84.65059803137476,6.05794261003694,102.8928864210906,banana
109,83,53,29.259869496005507,76.06724941055325,6.047306292950215,103.06583650118677,banana
33,24,28,33.38524440157275,47.91838430236151,5.2260605904018576,88.67030474133914,mango
23,16,28,29.545234912263588,54.37104506475166,6.543610314497494,87.9130098490956,mango
11,27,33,31.543297358025576,46.56467734174063,5.742768126535862,87.3771649495906,mango
12,16,25,28.197924476355062,49.216410527979875,5.127860900677877,92.52842732117786,mango
20,25,27,27.96248610370992,48.20608561514655,6.011389734523576,85.37983199368107,mango
17,20,28,29.994132433278047,49.91150499943694,5.163428281631127,86.87132470020616,mango
31,18,34,27.841438282398876,48.0218450921428,5.449223495222517,99.85011598403926,mango
22,25,25,28.726488203495272,47.16097513876789,4.8386955203030055,93.14891843889203,mango
12,28,33,30.301759339597282,51.91853434896571,5.7179302785570885,99.69810416124275,mango
23,20,25,34.98814078970748,45.83373111366232,6.433590941095233,96.59778870114606,mango
26,29,27,30.399182197367907,50.15260838828086,4.8158897423745035,97.94157557416692,mango
17,16,34,27.619389754915876,53.469030888845694,4.660331660612095,97.669533586095,mango
30,24,30,32.7174669200908,50.738852807795254,6.217969132944105,89.5339158470685,mango
10,27,28,28.017251552832647,45.30127084130301,4.900034962689546,93.20631149152644,mango
35,16,26,32.713225518954395,53.86791894526203,5.657626605800812,95.74742865343923,mango
20,21,28,28.088645616589435,51.82749243206875,6.15009957445157,85.71582923575014,mango
11,29,25,34.741239625537105,50.7787484995194,4.537805519513861,88.8920699090989,mango
35,24,29,31.482550254198273,52.924416401513014,6.558794437778802,98.52244261603954,mango
17,23,28,32.75441530575457,50.78067790686485,5.197723820314851,92.5502697638533,mango
25,20,32,31.677374324287527,51.971679255485284,4.931634640510195,87.01370110964302,mango
39,25,34,34.903586410234716,48.03138658888163,6.79363142805843,88.50197781650328,mango
21,24,26,34.01628387856518,53.531870485665806,5.033558193175171,86.88145420160632,mango
19,16,26,30.756488453896793,46.75623936808414,6.948177362405889,85.14216361195314,mango
18,22,33,32.55450259190628,50.07964271502174,5.521364290258718,86.39404425372152,mango
28,21,28,28.694643381611407,51.61021899040126,4.773672341492482,85.50740172576404,mango
35,20,31,32.86512916142203,45.80435913831372,5.765417202099156,89.2550677921138,mango
30,18,26,29.661514583081036,48.73997815292934,5.538328136747935,90.6418953031822,mango
33,28,26,33.41814264816727,52.71948482131296,6.487070287568109,98.53441434547375,mango
33,28,28,33.515052341788945,53.671181268277266,5.568067009470846,96.52299365042877,mango
35,15,28,28.703767852495954,46.80969669696967,6.889261594552119,88.36217205973756,mango
13,26,28,27.89624727721624,50.68177806123248,5.026454869647285,86.44779382650549,mango
25,20,29,30.61372428543829,45.753344003852405,6.960652106537989,90.28238219845974,mango
17,19,30,34.63514174943862,51.32281116393755,5.626061936837656,92.69318556737097,mango
14,16,28,34.367329534445346,49.23045944255577,5.576690199875943,86.27364107720929,mango
22,18,30,29.79301092453405,45.614832925167036,6.269926339265011,85.19422070438071,mango
12,25,33,27.83681623186581,50.70423612194716,4.643813689950246,95.48452951552159,mango
28,24,26,30.817989783249185,50.80006649225993,5.27502984086261,98.78285627042925,mango
32,25,29,33.157838191334044,51.69256759308309,5.236230897996393,86.23641481937985,mango
30,28,29,27.601561106747326,52.284889249739045,5.359906855044144,89.13806212669905,mango
15,16,32,28.744508344223796,53.50944694490109,4.60632016392013,95.82711241396676,mango
14,26,34,28.32300544783591,49.0533642001804,5.851229168057935,94.8691512526221,mango
37,18,34,28.916930010340124,50.77204822818319,6.5839073520665625,87.6092680058464,mango
14,24,31,34.5130307656678,48.95778638579624,6.138632385678235,98.25812325962485,mango
36,27,31,28.108214272230743,52.536615643433834,6.0278960041317955,91.20149660652135,mango
14,16,33,30.890415238048455,50.63798462043714,6.527486391539924,90.26425897771794,mango
19,25,31,30.35513025409987,54.288101413952816,4.560911112497943,98.22780073204994,mango
15,19,27,27.507253243009608,49.51161757299284,5.963422361607181,85.48343637597058,mango
23,15,32,30.965313004053876,50.33880117191224,6.031566204090863,85.18358699855028,mango
10,15,28,28.78988229891918,46.542696275747375,5.109306509312503,86.25441181121852,mango
34,17,29,27.96742971651546,54.75143203190532,5.601026276797464,89.7255814585576,mango
39,21,27,34.84750870819182,52.41310090611989,5.401695311721119,97.58119283683146,mango
18,23,30,27.994897815988963,45.67816336080254,5.089872300513347,95.08300189803325,mango
11,15,34,31.35287519383466,48.78756026321855,6.404321775215379,98.61794126433658,mango
24,29,28,28.92617042522027,48.376262541512936,4.528272012838659,92.4694290413926,mango
35,17,30,34.66405619996746,54.48817382568125,6.540843645795931,96.37459455000737,mango
15,19,27,30.203747865516736,50.679374402575355,6.658513383304275,89.81817406732215,mango
34,24,29,29.759793432251495,46.920902911733954,6.707531335828055,98.62047274382677,mango
15,25,34,34.0603541264268,47.59478245846153,4.990651507437325,93.70730262000481,mango
32,28,27,27.65349526491332,51.030798237668805,6.138936415426356,98.89420224761602,mango
18,29,26,32.26689548036963,50.62530009498127,4.870622196852897,99.14368867779098,mango
38,26,28,33.80894480828152,49.62368447549962,6.58332495004312,92.41779944121035,mango
28,24,26,32.17223654268775,49.50437463139229,4.583915704982787,95.4415526778072,mango
26,17,27,29.252963989488094,50.35844856062303,5.735184242888456,99.58453662065376,mango
13,20,33,31.951053129702963,51.281716999597805,6.5651384674405655,88.8551515264815,mango
14,18,25,32.9411529520554,45.66738597202854,5.442124741305914,95.5234288303397,mango
31,16,32,30.093179323175974,48.8691775707107,5.625568939296946,97.34206096946808,mango
26,26,31,32.545125627528414,49.30647233027353,4.853219590330162,90.61378157567353,mango
33,26,31,32.450421826975294,46.26162159781861,6.851061660281175,94.12152841771399,mango
23,28,31,27.6429194811033,53.51593438623328,5.287586666162493,93.86515594753837,mango
38,29,30,31.414104616259543,51.861040093714685,5.955409143467515,86.54356056512862,mango
11,28,27,34.77438720825121,51.80890693985324,5.699962613596991,98.04689304110615,mango
33,25,29,31.75695198083423,46.99651793696283,6.290321886096713,86.73590351663745,mango
14,25,32,30.879249739035362,51.669126830999296,6.772731655821303,94.08607409895272,mango
36,26,27,34.07414382803569,48.966401093287914,6.061531870123627,99.08021074853426,mango
39,16,30,27.56011529867503,53.28372824937949,6.194304370978884,96.55486012207376,mango
35,15,30,29.626245174959685,47.83536857529486,4.857431274032642,97.94333112027778,mango
17,15,27,32.69030786974314,49.18537698485935,5.938646680632703,94.11573778071431,mango
33,21,30,33.501258269667375,48.5601755114788,5.378484356297246,97.3996776567702,mango
29,25,28,32.354616465461746,49.02231225491886,6.333645327561122,89.0093786607967,mango
25,21,26,27.596213023976564,53.936760687220534,6.681918142572691,96.74869992464247,mango
23,24,26,33.408736468942195,47.44529472147911,5.904205092328025,98.74872743684455,mango
13,29,34,34.418145738934015,54.50814618744191,5.071259091484308,98.23242859993032,mango
13,28,29,34.23585192844381,47.42535758776271,5.324554240111505,85.18423273743839,mango
23,17,33,31.7069244671491,47.37047089407021,6.378646110138137,91.9281937729068,mango
27,15,32,29.13356146315597,50.382064358195684,5.630786634579642,88.30892297113942,mango
22,29,27,28.810854543296568,50.09645121607552,5.355685237963713,90.84306320138941,mango
14,29,34,30.925455285340774,50.50139888960293,6.794594224711706,91.80973742795734,mango
21,17,31,27.28495770459001,47.5669609255056,5.374040959946029,93.43529649856254,mango
21,23,27,31.892662198018048,52.106679891634585,5.7528719482253745,95.24887557642806,mango
16,29,32,34.85532095899072,50.704290489624945,6.4851760500551405,93.94227605305309,mango
11,20,30,34.0206407496188,50.80801683811618,6.988359833068268,91.32428872363724,mango
33,27,25,33.25732491629554,47.185084539852625,5.431567080811315,90.16139827795108,mango
33,17,26,32.68099783318345,53.46479038610086,6.152114987863374,93.67453081739407,mango
13,16,33,32.575730119135486,53.59072466599315,6.7651334604724145,94.7361645722618,mango
10,21,28,31.815958485222943,49.83542823069235,5.76614896728092,92.17699751897642,mango
21,20,26,33.09870977995578,53.19432545425628,6.64930203805242,91.98593635434682,mango
34,29,28,31.722153417890897,52.31842435331238,4.560570900074773,93.78999438593323,mango
36,19,30,31.525645862972905,47.25808937828885,5.896338191891588,90.14023631463776,mango
37,21,28,29.33060879394786,54.96784485766225,5.468047765576003,89.77568234544306,mango
27,20,28,32.46811132856533,47.6025840632758,5.215065101815437,88.03518300548794,mango
13,121,203,23.72368792958055,84.79074348262436,6.362651468723573,71.81139444854293,grapes
27,139,199,22.423460415343843,84.31738774392898,6.099744856893324,75.92029850879308,grapes
32,128,197,32.26689892573452,83.3581501210589,5.960689465364536,63.50074211304761,grapes
13,124,200,25.89238045087975,81.75119215610978,6.004057840734024,75.41980284863183,grapes
27,142,198,29.64866762025889,82.1982701672709,6.295039541096858,73.84249771005459,grapes
24,129,201,30.76970534669574,81.29886321132204,6.473266234512841,66.38547455855172,grapes
27,124,204,32.03534192645212,84.95128987716161,6.337000671480615,71.05792781059287,grapes
19,144,202,37.9525216641903,81.80565512730504,5.710182780670246,67.74300795820389,grapes
32,128,196,30.97061511284142,82.03531335033004,5.977376238586198,60.284011431455475,grapes
32,120,198,36.08072996441383,81.55986952218306,5.936247673602558,61.76636211946058,grapes
29,136,204,26.08644600043869,82.53361136526952,6.434961386857544,79.78127064341675,grapes
17,143,196,26.99298475374279,84.8402518511879,6.078951813029647,61.648863891070945,grapes
33,130,197,27.603308451163148,80.50511132441129,6.157349877619904,77.99844710757446,grapes
11,125,200,37.10521505109868,83.14968526692265,6.19275896070635,62.23610469191986,grapes
28,124,197,33.55717655289665,81.73470223342503,6.424346379092482,71.86387090006109,grapes
36,142,203,21.66364455143465,83.2470496530377,6.035369334508632,79.5961037874296,grapes
24,144,198,22.70389943689196,82.96859585192617,5.904539738565247,73.41798337776383,grapes
36,126,195,39.335504998437955,82.1032091118468,6.4385073001400075,77.91375024710257,grapes
13,141,197,24.804184484449493,80.4482328267394,5.6125164598048,66.76482517233333,grapes
33,133,195,30.473532922098954,83.10780485160964,5.964070719530785,62.81170696755057,grapes
24,135,197,32.378959803508934,84.83150403167924,5.563609028619143,68.9524969549614,grapes
10,127,195,28.911198875100474,84.03261464235284,6.14750402851889,71.95236753595968,grapes
15,125,203,31.747136795954486,81.95907171775306,6.137727088277878,75.56261380667716,grapes
30,134,201,22.57115647355971,82.9902046324239,5.893551224545152,76.14443605043897,grapes
39,124,195,33.677433235805296,83.81907732387349,6.352060415691421,71.65152064114457,grapes
31,134,203,23.26583487711745,82.91513601566481,6.441188350974079,75.46302699859048,grapes
20,132,197,28.50279875514847,82.08751183722555,6.115262799539385,63.53356385393061,grapes
12,130,202,37.53260104642784,84.82493241044273,6.471939119796752,79.77659520144819,grapes
36,122,202,21.887960588894924,84.92765148860825,5.559342966752076,62.76923470997261,grapes
38,127,198,23.79070088745336,81.68074325676488,5.8453402262299505,62.697910492846894,grapes
16,131,204,22.997172324034352,83.05690384885638,6.403328360183261,63.13415833215616,grapes
30,134,201,26.322565795867625,82.85508606298285,5.558777145992158,67.41161162389301,grapes
10,140,195,35.836956883350595,83.25349598974564,5.6033948100828015,67.80897177463484,grapes
37,141,200,34.779921063937024,81.13020708217086,6.0183069671887734,61.63017569138534,grapes
28,142,195,26.06815212524899,82.10325638965578,5.51122377012573,77.56936547894064,grapes
28,128,204,23.118627492420032,81.68216377510771,5.8503926472633045,66.67099890943167,grapes
13,131,195,35.47092300076477,84.872003286845,5.783295441486845,67.14600351854538,grapes
17,143,203,38.96946909630536,81.53169924749287,5.677387975146451,65.28099096351501,grapes
20,141,203,36.564056089749286,84.0452781695575,5.939302010426171,68.45368716769984,grapes
23,140,199,33.60798595226985,81.8501693107442,5.815943939784219,71.94593899788472,grapes
13,140,204,22.14010099231691,80.3025775928454,6.020099307884445,74.55808937464944,grapes
31,142,195,20.825420576255606,80.84936275218925,5.747724987569983,72.71659459539013,grapes
34,123,202,37.589158880844565,81.90296500101971,5.899686371317897,70.56592592883604,grapes
13,130,202,30.02213912799745,80.95199037212946,5.910714038569619,66.35833607506554,grapes
22,144,195,28.6122716054586,84.19993626902438,5.632600417648034,79.76856273709235,grapes
30,121,200,21.26826729560882,81.07751976854921,5.633575041733768,65.11503969003888,grapes
16,124,197,35.96311673888114,82.7424467067133,6.477198366500939,76.79686217911521,grapes
17,120,203,37.73484372556088,80.98121701532197,5.869988779902694,73.0415233254059,grapes
35,122,199,27.34386772501258,83.10023790787653,6.237974431595331,60.430991477847186,grapes
31,140,195,25.326671214134137,84.38291394138759,5.6854124109972535,62.70929420256933,grapes
37,143,196,36.97456923698411,82.72000964153563,6.117225398365039,64.68603033080672,grapes
13,123,195,29.419537128682826,80.8550752493632,5.947484687708048,60.26610890063355,grapes
37,135,201,33.9255192581932,84.69286135853699,6.091037333674793,64.95660917242228,grapes
26,124,201,32.93700918436183,84.0480298780128,6.043470496631972,62.494793906379506,grapes
37,133,198,38.59596550173317,80.72113859394287,5.784668380644985,74.73485240089266,grapes
10,131,199,36.33338337190194,83.03644299867221,5.588628288186519,60.45441520290644,grapes
17,140,203,33.84084169425468,81.65746136257074,5.984859916108128,60.63295416868236,grapes
18,128,197,28.63551261302561,81.67533404153298,5.99833693724402,76.06197021790325,grapes
25,141,202,30.71419494118496,84.1234988045837,6.293143863421969,60.938318126997245,grapes
36,122,202,36.55511644928772,84.01397808690486,5.507921738445146,60.31567910714746,grapes
24,136,204,32.011575734398235,82.18332905709333,6.208713427007982,76.96205294708886,grapes
14,127,197,39.90652412289133,82.90062209421866,6.486157909694715,69.18797894869162,grapes
31,128,196,22.717021779411255,81.27392566773857,5.754062591113545,68.7289609785372,grapes
27,121,203,39.014861027049875,83.1213978035224,6.24686816044624,65.78323072588346,grapes
35,135,201,30.70734279278522,82.66536893412469,5.89466239444645,63.64012999914984,grapes
16,126,199,29.95734154891918,82.23844225388545,5.603014941697232,71.43600084158601,grapes
33,137,195,29.017465738790893,81.45673859365047,5.545518115951614,67.74383784094925,grapes
11,125,195,24.955065150253795,83.3084415850453,6.191175203625903,66.57391549130685,grapes
27,128,201,27.271062479475734,80.30360511310153,6.113617182040772,78.49604686615714,grapes
11,120,199,28.421074456102268,80.40073000805077,5.782643907413686,63.91190948871774,grapes
20,121,202,25.03442741729951,82.23868969333981,5.977732210308802,77.04008169077524,grapes
21,135,204,33.65351675354122,83.48528034566108,5.893108207916021,61.80606428529553,grapes
14,135,204,20.831697795343878,82.9633769005565,5.580273996194927,75.04690081189374,grapes
27,126,195,20.610750002803726,80.13587551532058,6.03231965448276,71.45603415538059,grapes
35,126,202,36.14354181355485,81.95642128301519,5.837187075558962,72.74324239696553,grapes
37,137,202,27.732742672878924,81.38794253509766,5.61615606305357,66.04279877151565,grapes
31,136,203,25.33258559450487,80.69513008066278,6.007639205415959,63.30456566629384,grapes
24,142,197,33.4433215015257,82.62477558284994,5.883246793475594,76.99388778214004,grapes
29,126,200,26.32727617731696,83.80401862649335,5.531780654086469,69.83036045368709,grapes
32,134,202,22.20267188802251,84.0124778119283,6.449385498164204,66.11553803933933,grapes
15,127,203,22.709502534094177,84.16503349886995,6.3757423149177015,62.31710231435864,grapes
38,135,201,28.959431370819942,83.36724683912152,5.9419318014067475,74.63701225394053,grapes
39,140,198,31.002217583279677,82.8212283473987,6.237570476449026,64.80738987711834,grapes
10,131,203,22.452478778049695,84.83530255699574,5.854763010250689,74.28106741446476,grapes
35,127,203,33.6680733450023,80.04056114616321,6.248344066780323,60.271850025009236,grapes
24,141,202,25.625287563218556,84.47096595735339,5.765109693065537,71.87451638887532,grapes
29,131,199,30.384028113665742,80.41118224456723,5.596110880181916,68.19461277212548,grapes
27,121,199,35.296005544083755,80.12267607810138,5.897114103253391,72.17284698728653,grapes
11,123,203,36.37005840596814,84.98937596181189,5.9212827018759455,61.98665226906339,grapes
32,124,199,34.9266421804387,83.85117683952205,5.791724309616332,79.11252771430433,grapes
39,129,201,39.91936578974176,82.58027808993187,6.354421234419,65.01682194015468,grapes
37,132,195,27.991202412377483,81.90297278664039,5.887625044148261,74.70034811881831,grapes
28,136,195,27.632205526531806,81.3113004068721,5.854307597238737,68.4059834053066,grapes
37,123,197,22.317669485531134,83.15788425534299,6.153268484405054,66.69546816034119,grapes
36,143,200,28.62655828348876,80.3824509928386,6.0792892523586985,79.38277784061245,grapes
30,128,199,23.69313578774783,82.52255720459256,5.9650590837781685,61.7653156229443,grapes
39,130,199,31.254166820613584,81.71671702131421,5.7061157618908,60.695636087131405,grapes
10,136,204,22.71950435239349,82.28307952315764,6.058864033672831,70.82050936626027,grapes
27,129,198,36.144587290888715,83.80669276633715,6.259326012284085,73.79625563596106,grapes
12,137,202,33.272894259380266,80.39753789633072,5.8629224803649524,72.71685672797271,grapes
90,26,50,26.336281375912794,84.2624574600016,6.416455172528149,51.37392446326093,watermelon
80,18,46,24.57483153628503,81.54075405504952,6.676866316351151,57.67765672622451,watermelon
112,27,52,26.084797811284005,89.04628723488155,6.144920755898303,46.081835048747436,watermelon
117,20,53,25.47198567493887,85.82017793433047,6.900657642267395,40.712623861278395,watermelon
83,15,53,24.398752865871735,85.64230394389982,6.557463233362497,43.36944018611513,watermelon
83,24,50,26.967992792160967,82.75025281272106,6.5854477281563835,56.92926062943417,watermelon
104,12,45,25.596191621556898,81.29525433998093,6.1333528956483345,49.7694391296948,watermelon
117,28,50,26.06156608255512,80.05791683633375,6.013962140505415,55.798935616401586,watermelon
97,14,54,24.693958591505602,85.58348614679868,6.88758794679822,43.96752337337315,watermelon
80,29,53,26.681157996592287,82.62664382784534,6.227924820546497,42.11574181771684,watermelon
107,29,47,24.663952779515533,88.2174555142519,6.436066731659786,58.71735351264243,watermelon
85,19,46,25.471711574631556,86.6044185078865,6.71818107568031,49.43172104414653,watermelon
80,23,47,25.639904389420302,85.23931220713165,6.83867732400246,55.076380368664026,watermelon
117,20,52,25.715707141320653,87.45562016649276,6.45443418868136,58.91804306592879,watermelon
97,14,49,26.704541484758852,82.2718618668157,6.365271477041847,58.30866518137169,watermelon
117,27,53,24.716760923633856,82.87593548438487,6.756599704244947,59.553418688587286,watermelon
94,19,49,24.265031199810377,87.7123822512772,6.273843142664334,45.268089050931145,watermelon
89,26,52,26.307602869692385,87.551674997437,6.163776560586555,47.994848562133534,watermelon
82,20,49,25.841150303355697,87.29911772556018,6.63653187816654,45.75820245078385,watermelon
81,23,51,24.051400298647465,89.22094434819576,6.5735751553370285,42.54943534928309,watermelon
106,13,52,26.640628175224567,85.43587238579278,6.905081992402073,54.335066926771276,watermelon
92,27,50,25.04028704389716,88.76882378745827,6.690909890586683,50.827428295268795,watermelon
81,27,45,24.473063658118022,80.15086523883537,6.32069147273552,51.055798849955714,watermelon
103,22,49,26.76093646781115,80.42240490415828,6.039153547678338,52.79817346335005,watermelon
83,12,48,24.914066139325623,89.45985944859176,6.720110799275611,55.43946404123734,watermelon
117,29,48,24.0156548022305,85.85893076480183,6.974959814056701,50.124149614279645,watermelon
106,20,49,25.78733097377798,81.31411052842704,6.35260480965072,48.10748798208315,watermelon
101,18,50,25.871632401515047,84.76400677364892,6.836610305546408,46.84100470237888,watermelon
85,26,49,25.379808996476534,87.92569827365705,6.036626590563614,41.538350039172364,watermelon
103,28,49,25.454215798086132,81.63622157147859,6.4672059083755755,44.14572949901099,watermelon
82,17,53,24.020770017454215,86.14750702028005,6.197009705926384,56.273578499772384,watermelon
113,28,53,25.065831482118085,86.94232900413995,6.795076819773486,46.73424750466023,watermelon
94,20,54,26.908063102413863,83.31100658493474,6.770527447134729,41.18275879505844,watermelon
98,17,54,26.821718608188295,85.0100261017606,6.542919339597117,48.20413509786676,watermelon
109,20,54,26.945072489722154,81.81736382193282,6.517819207845353,58.69461246978568,watermelon
102,17,50,26.530772568438106,81.96797951100797,6.766306649199448,44.33057721119281,watermelon
116,25,47,24.366479901124357,85.69190316163395,6.01188425343767,42.2117757348961,watermelon
114,12,54,26.47228836133988,88.89612100936912,6.892832004134067,54.900574605509995,watermelon
82,29,45,26.84637340204753,82.03496727533206,6.434857148882475,56.49481226117176,watermelon
99,27,54,25.290824877148417,83.6294582678116,6.31765114183278,50.29717025162103,watermelon
102,24,47,25.251959801866814,87.25790225329335,6.8855200591163115,56.31021564885319,watermelon
115,25,48,26.236392003061372,87.05426981699206,6.382377016191688,45.29240393174787,watermelon
90,21,45,25.92663947485005,83.30755361764265,6.099790728232964,51.66474822176054,watermelon
92,18,54,25.024191660387654,89.2255679884885,6.153007053152517,57.38992213559325,watermelon
103,23,48,26.086738493471653,89.20168125199991,6.3129390036410475,50.88568364226,watermelon
112,11,45,25.019840112901306,81.76891372417496,6.994035137127227,45.32830515557662,watermelon
92,26,54,25.288688727518156,89.87905675061737,6.505620552022758,40.93033023240976,watermelon
89,11,50,25.23713942206318,89.77106109092442,6.403891596111545,59.99975461245509,watermelon
80,22,51,26.01030147738723,89.69731936952711,6.382117139763601,55.96720791186797,watermelon
86,12,48,26.807647547401668,82.296741633768,6.761349044081424,43.740144957158776,watermelon
89,21,50,24.831127221453922,86.23986686243333,6.938304068789337,48.750938513602804,watermelon
85,29,45,25.691139539168486,89.6754536802429,6.270989645868289,43.46175623268312,watermelon
105,12,49,24.80242094588528,82.56436469562016,6.352187182507826,44.8885710578391,watermelon
106,28,54,24.13413663446674,89.88147746434244,6.452152441548798,44.85347559073277,watermelon
95,14,46,24.603703494118896,89.12731366288169,6.89011925631778,50.8288940683359,watermelon
107,25,52,26.57296897371983,84.2713707001688,6.617319198382388,41.782264137714535,watermelon
90,20,45,26.78240547265592,83.6147549346701,6.561506575350916,50.7539627057713,watermelon
83,10,54,24.855445122664857,82.35976649263678,6.533133139764621,44.24214970361138,watermelon
95,10,52,26.374908376597617,80.07798070275376,6.331697802635468,54.00930245761231,watermelon
80,22,54,24.420329184342528,84.59235536945789,6.2684913289561255,41.4916368010825,watermelon
115,29,54,26.07524360629719,85.44098269688114,6.511482111395872,53.91801031550456,watermelon
89,13,52,26.040517548785665,88.39776958568096,6.519121356342855,57.894648273813935,watermelon
100,12,51,25.435166128801345,81.10471009423168,6.813131818125287,57.13498485718125,watermelon
83,22,51,24.57568225882477,83.90746974175617,6.7139494262282176,41.9341866244938,watermelon
104,10,51,26.917140055621232,82.34754395014235,6.375565399439031,46.97908016665783,watermelon
109,14,50,25.754678148475076,82.78276776323119,6.52817467568304,47.26379093591233,watermelon
110,28,54,26.925453050138223,80.42425803595768,6.763559588928105,51.457288345796684,watermelon
100,20,49,25.24871055852484,82.22087259090021,6.562833715175623,46.1073187698122,watermelon
112,26,53,26.8814109524086,86.81146509829225,6.917872447759133,48.962827131214716,watermelon
106,12,53,26.30591104370796,85.25340841222237,6.158521257192691,59.43451494746627,watermelon
86,10,46,26.13316645893585,88.29691606875656,6.620349134812489,41.383343973229245,watermelon
114,10,45,24.927126167548906,86.41542093621462,6.297763900932637,55.209362359841094,watermelon
87,25,48,25.829095398515868,89.52126437953048,6.368571437369828,55.00002691806896,watermelon
113,21,49,25.01573481384205,86.68503822302432,6.262402080819946,57.84818941420208,watermelon
104,25,49,26.23621555056163,87.56735917788336,6.329414324548416,56.921691611632774,watermelon
100,15,50,25.505519344760756,81.62471857285094,6.844968534098907,56.641000084669045,watermelon
88,15,47,24.517445053825178,82.17046416621501,6.698021998906465,44.91380161822352,watermelon
118,20,54,26.816238407713662,81.39972363421418,6.841448230140764,48.64315090637808,watermelon
108,23,47,26.79481503340187,85.28192310797043,6.094749051328199,49.37083981025303,watermelon
90,20,48,26.83153217473,82.8416081000965,6.199816584102141,43.070477683629676,watermelon
88,18,50,26.855529948586792,89.10881615453752,6.6643271232409464,58.076521260933,watermelon
81,22,50,25.43487394137062,89.29401150151169,6.706743962790516,54.410915175957285,watermelon
98,28,46,24.264654587144623,84.66129033190653,6.715630657410003,53.96044667878952,watermelon
96,27,51,26.46058863489453,82.66979272501496,6.0247927433410355,59.66388388517988,watermelon
101,18,51,24.271867340037495,86.10913858686601,6.891727046917682,50.44065761592368,watermelon
97,15,47,26.81740499467765,82.23564136432333,6.777407261343321,53.50577790631168,watermelon
96,10,47,26.134125415846455,85.73152547788361,6.88720650147329,46.29821446921945,watermelon
115,16,52,24.35877102214748,80.08849381773386,6.046731328765989,44.70352765430838,watermelon
92,15,47,26.434496880431322,88.73139242638078,6.509886353785169,44.64813949480683,watermelon
104,22,54,26.969210580543113,84.61826274221916,6.821329370718026,54.85244414411471,watermelon
111,27,54,25.80612930855244,88.42755732666939,6.7725885179383765,57.82835927582862,watermelon
86,26,54,26.987857590009423,80.60342204466734,6.2944898273658385,58.566654163752204,watermelon
91,23,48,24.959513803096716,89.46499514499055,6.236002031995082,50.927397392851,watermelon
89,24,50,24.523380629252035,88.200004405424,6.398670832686466,59.21426717527795,watermelon
94,29,49,24.991376764428544,86.8740362875198,6.861846415103547,55.86245876611106,watermelon
105,18,47,26.752862544051695,80.96410866543188,6.371234932035405,50.85252549024405,watermelon
113,29,50,24.75466198145989,85.84929289774254,6.593306866800868,52.82108791231967,watermelon
93,22,52,24.815463923873487,89.32969788129645,6.858734538128946,58.27865355124961,watermelon
115,21,48,24.540536145122502,86.25662898885875,6.1369678981892,51.20730664232949,watermelon
93,12,53,25.036784323392595,84.3169100702425,6.734378812238048,50.804883651260745,watermelon
112,21,53,28.605552264386677,90.29930361871975,6.0092782009067465,26.648687212389,muskmelon
89,19,51,27.770637994828668,92.65193501367918,6.45330265810367,26.85511734821403,muskmelon
105,15,47,27.990632759059267,93.43411608837101,6.182799491120498,29.50597292520612,muskmelon
100,26,46,29.4358590919458,94.47846914475625,6.288032497875459,23.553500832259036,muskmelon
84,22,51,29.290741623065117,94.21951790192391,6.438340437286674,29.788657308690198,muskmelon
92,20,50,28.009381929412697,93.28917964010216,6.32100259539866,20.013475208943127,muskmelon
87,14,53,27.344592454233638,91.84058467764916,6.246036954809773,24.914155427634995,muskmelon
86,28,46,27.283447232633133,92.45445838503396,6.370774918941238,28.191528314092437,muskmelon
100,27,51,27.25949581480884,94.87934347659177,6.664538960385124,28.858332720952667,muskmelon
98,21,47,28.567011819356292,94.14587596378846,6.727703793936609,26.573040241981918,muskmelon
90,24,51,28.80783136345869,92.68171648871451,6.392333370017864,25.297092277986554,muskmelon
106,22,51,27.42208518795559,91.77033097260083,6.713383503784901,26.05182039971561,muskmelon
80,24,47,27.398113820918503,92.17207194320532,6.423193580215208,28.940169467538052,muskmelon
96,16,47,28.001728914432316,94.38422984421622,6.16830051044712,29.4342010664692,muskmelon
87,22,46,29.671399251630792,91.52595034261904,6.355851367307697,24.16762813564759,muskmelon
83,26,50,27.093605555552195,93.1774626990055,6.043031381774567,22.387942255690653,muskmelon
98,19,47,28.89522191373165,94.39438479827054,6.206929746734013,22.405027023630495,muskmelon
82,22,52,28.94987780140351,92.99779465094271,6.578532862554599,25.67713751427473,muskmelon
94,21,46,29.10695196491214,91.42366130895333,6.210975644135507,27.591582998846746,muskmelon
86,26,46,29.406231869929176,92.94812512407181,6.460909908505704,22.22316029636525,muskmelon
103,24,46,27.568553271412174,91.1528614998708,6.044993451337596,22.834484532215864,muskmelon
104,18,45,27.524654035894176,90.26882432738381,6.5733276580184254,28.1993747432467,muskmelon
92,24,50,28.469522758702553,92.50737054639336,6.4216911847553435,20.19933396656737,muskmelon
97,14,45,28.632785371631382,92.89353197146761,6.468888980749736,27.610708954662297,muskmelon
114,27,49,27.44255821342598,91.86025357834579,6.5407911047159395,29.957189470802973,muskmelon
80,23,49,28.432800181927917,91.24146014993981,6.437397924240258,25.55170842628789,muskmelon
104,28,54,29.10703754019574,91.11624696218415,6.1002076414066275,26.337604426878165,muskmelon
92,20,46,27.320389079264242,90.45608605322434,6.350027484185944,23.84503475707111,muskmelon
100,17,52,29.12672344013255,93.6348707887745,6.640933900339228,21.554852362294465,muskmelon
95,23,46,27.607208315349123,93.35806979001674,6.277400876219479,25.414156359250565,muskmelon
85,14,53,29.700240637392625,90.78718828448076,6.1706219502485755,28.131241402687657,muskmelon
109,14,50,27.169508543136516,93.12668562254186,6.557304831076851,23.673122646303934,muskmelon
109,15,52,29.636475194888668,94.97389776741272,6.710906643673728,21.779370866875897,muskmelon
105,23,46,29.186635933466942,91.86837725097176,6.145474577629802,27.07559161956339,muskmelon
95,19,49,28.051342557107837,93.39778319238874,6.7558876023967125,26.916785813575544,muskmelon
93,19,53,28.121924154610625,91.12593775875284,6.470833927974534,22.367401783714882,muskmelon
81,12,54,29.997632726754336,90.85298753392891,6.401364058821679,20.73588266136086,muskmelon
95,26,53,28.9526704412619,90.60525646952338,6.083835117412371,22.083764567372082,muskmelon
88,15,47,27.9033004721048,91.93536455928678,6.504880559083127,24.14961645190541,muskmelon
118,29,46,28.71042533140703,94.57724980640545,6.347477570386518,29.878192126966816,muskmelon
100,25,47,27.185511757036505,92.29880107238777,6.672631926439528,20.61466528415084,muskmelon
119,25,52,27.701919082885798,93.65869316000015,6.538768915107833,27.821567793135884,muskmelon
107,13,50,29.94220084990619,94.69184019443102,6.0831155020143495,22.62522682057881,muskmelon
111,26,45,29.979289451257657,91.59204708631256,6.554830230757266,23.128504498449438,muskmelon
89,15,47,27.240678487436224,92.79361739524565,6.263804870794915,29.89023250841973,muskmelon
90,11,53,29.069143138332507,93.93430321192882,6.416824107865794,25.892594592277796,muskmelon
103,24,52,29.6023670741736,92.92595750762378,6.680299414424416,20.43430144076263,muskmelon
103,24,47,27.11163414347131,94.88312252059332,6.354463244906779,21.567301702499908,muskmelon
105,18,50,28.83075852864847,92.43389636222363,6.483285259948918,25.857325595304076,muskmelon
114,22,50,27.42058683657759,91.33037370470565,6.437964377417792,22.4819633622539,muskmelon
80,14,47,27.985474836890138,93.84807204008699,6.769600032299201,28.107036120926352,muskmelon
119,29,51,29.994141555105788,91.26072162786733,6.4676322853151165,25.650275808756273,muskmelon
82,14,48,27.157966372316704,92.40536911982821,6.368130267030261,27.672091148084853,muskmelon
106,21,46,28.335174520700406,90.10614501772461,6.270224429424178,28.38770671737953,muskmelon
97,25,47,29.57881026687078,93.63454857711451,6.727648256991988,25.814636932377244,muskmelon
80,15,47,27.619464043333622,93.04827432877167,6.2717546614502675,21.01361967902113,muskmelon
93,19,50,28.599232149532536,90.5814610333476,6.438006274294392,27.53856606891337,muskmelon
98,21,49,28.786799949134355,91.59461965094363,6.484113576404999,22.93778043553396,muskmelon
105,23,51,29.876416649414683,90.98617294030126,6.27058116254871,26.682943285884676,muskmelon
81,29,50,28.893138028158624,94.73091403835818,6.437983974350576,26.57374339096027,muskmelon
87,15,46,29.30486008051651,94.58984893729036,6.136327869206693,29.41831231040432,muskmelon
112,13,54,27.907967548999935,92.22819172674437,6.704781046496782,25.424139090686126,muskmelon
104,20,54,28.747176380890707,93.2724071662518,6.531067671646083,27.968321822435136,muskmelon
85,11,46,28.81533073741787,94.76029102790694,6.715579827096436,27.237871521704342,muskmelon
117,24,47,27.424628408702834,93.10894210630055,6.567633109274574,29.119432548484866,muskmelon
81,27,45,28.137680602423256,90.95958870569986,6.4251491002477366,29.80380957222805,muskmelon
110,14,47,29.04533583785264,90.70828586999433,6.377050023156081,22.113749244470384,muskmelon
102,11,51,28.149561691241065,93.61251267844685,6.446429119503111,25.831679845653323,muskmelon
90,13,51,28.85570610480909,92.54748055699103,6.092098886219881,24.652752486112195,muskmelon
103,16,51,29.358511222585896,91.30039154854009,6.010124307510694,24.60976756612279,muskmelon
86,15,51,27.853469064245157,92.52189161496683,6.205043453481935,24.8457619845862,muskmelon
83,22,52,29.526062378016118,90.53757339005698,6.341120130916493,25.088941641712193,muskmelon
119,12,52,28.482350175788483,92.43087611035997,6.775917782196069,23.389579256699363,muskmelon
81,29,54,27.722410710399572,93.6830586386884,6.256115568404799,27.451128056227756,muskmelon
103,23,49,29.195720166214045,91.81292575346058,6.180908182703612,22.169193032512723,muskmelon
100,19,46,29.605280121823938,93.3160273406807,6.435954761585848,29.926540241786434,muskmelon
88,11,49,29.078417252698593,94.82363470992941,6.114986735997476,21.093154659663004,muskmelon
81,20,50,27.953407242503953,91.05798328084786,6.128215849988529,27.882563955368127,muskmelon
96,28,45,29.268790901657923,90.66436323618412,6.486813024932809,27.43768893528307,muskmelon
82,16,52,29.47439112487593,90.00182799508951,6.436186579518563,21.338934175581414,muskmelon
91,14,47,29.49589908734458,94.98535210207771,6.27600401209523,26.212065514876585,muskmelon
89,12,47,29.31401176771839,91.30982885189985,6.766153912415661,20.6099127522506,muskmelon
115,25,50,28.68278534601365,94.34783332009489,6.111480498394749,29.098487066447255,muskmelon
107,13,50,28.992830223545887,93.41872855740509,6.687337093416716,26.68002423860236,muskmelon
105,21,45,29.515116929688126,93.29179919062904,6.2164102325839705,22.890095637486482,muskmelon
106,29,48,28.125124407758662,92.22062309615923,6.6686111487524675,25.89993071228976,muskmelon
98,29,50,29.43532362843385,94.15116385181325,6.3253890376317665,29.21676878436323,muskmelon
84,17,49,27.98015400610712,94.00961098278886,6.378236008000217,26.08917301092644,muskmelon
85,28,54,28.71683134329729,93.72756850319297,6.654131605153825,22.675454257437615,muskmelon
85,14,49,28.92200161238037,90.62660693007544,6.561660489595751,21.96906757862443,muskmelon
111,27,48,27.08468539985386,94.86439394002335,6.271142008599524,22.946587784901688,muskmelon
105,14,51,29.493340262474437,91.64085477475906,6.280198296430748,27.21458454204775,muskmelon
83,24,52,29.373360313739724,90.31575888698403,6.582042828588885,24.80233163058475,muskmelon
110,22,46,29.03114612500025,93.49008740069515,6.171916137887669,24.245774384213878,muskmelon
111,26,52,28.45989860409087,93.03684856222489,6.577863501939122,29.42231128321457,muskmelon
118,11,49,29.75922451944589,91.88764255820483,6.574097933449226,21.33990748622585,muskmelon
91,18,45,29.57628095029165,91.13553368221622,6.475144273563155,26.56896416633294,muskmelon
103,16,54,28.358257275292896,90.475328017195,6.291839438668545,21.39504047223922,muskmelon
89,19,53,29.651543624124752,94.34775946005541,6.024679126857686,25.048583114453937,muskmelon
88,16,51,27.734671355273367,91.4668784638599,6.1541888672825245,22.47120682613568,muskmelon
32,128,203,22.549447017891083,92.14723128362543,5.7514388900504,101.08267027009298,apple
12,120,203,21.351049005070983,90.07850174255888,6.1110788752138205,100.60089859396105,apple
15,133,198,22.523456189911442,93.02241185434632,5.916475400655066,117.61242142965824,apple
23,126,197,22.5957147593712,94.4801919500873,6.121726855848991,114.56174887431955,apple
22,131,200,23.947078731843927,94.31353011651429,6.038864251653178,107.23910972904861,apple
16,129,202,22.887373303664145,92.94174753950834,6.370803492944342,115.80759509059185,apple
14,121,195,23.049854500036382,93.3846829889337,5.799919578525953,110.93045451575702,apple
21,124,200,23.31894428399926,90.93632182790945,6.091666374586442,103.9335107927521,apple
11,129,202,23.98583121823279,92.93330729312878,5.992039156564967,114.73017344501879,apple
18,132,202,21.8893769234617,90.19913921753597,5.5127358801089,104.91627834718336,apple
34,136,203,21.622617965374467,91.64729690528188,6.118472186810453,113.4389664431468,apple
38,144,197,23.478980993721336,92.3709664620349,6.055092021008531,115.00107692180777,apple
13,139,204,23.59671409611116,91.55343059616577,6.038466072296861,116.66405972227987,apple
19,128,204,21.357772065672574,91.08833459696206,5.993443961989651,114.70135460526429,apple
36,133,196,22.944745001883124,90.8779331521337,5.920263641458143,106.41808516924499,apple
33,141,202,22.76683424730425,92.11288332460052,5.654428127731912,105.2458341911708,apple
36,138,195,23.376671587161052,90.38676284755428,6.483491654835563,119.69580036548521,apple
18,138,201,22.21106591238457,91.20513199344194,5.962930556119556,102.31691367899484,apple
26,139,199,23.637025016440244,94.97463777198176,5.704707715895918,119.83979381902766,apple
23,124,198,21.180981989387426,94.45192974525145,5.708315964318333,115.94774276674742,apple
27,142,201,21.743138338394587,90.16497064761549,5.616766090027276,103.7490481900974,apple
32,134,202,22.19891471382753,90.21132298811729,6.043804711974168,100.84853762440517,apple
18,126,202,23.25242810758113,92.25864007536069,6.3193489249578745,110.08685426865802,apple
13,122,200,23.056174269951402,90.28241907899437,5.511768163897406,114.15248180404465,apple
17,123,195,22.55575410116152,90.46524550782077,5.971591682748345,103.35692369109886,apple
30,127,204,21.188841789399838,92.18343289933298,6.3029462556972735,104.24228729279896,apple
30,144,199,23.563742564284567,92.83853309108956,6.202188758592514,117.4506890458046,apple
34,126,195,23.400494464381495,94.4952980139496,6.356722845921631,117.59471905605062,apple
34,125,204,23.407385420008783,94.96324728204053,5.961025535442181,106.55237639644919,apple
25,122,195,23.94345459393998,90.30517977610545,6.005556935861587,112.67462270585779,apple
36,120,203,21.42828923086894,93.02515091747989,6.066254317369684,111.07702826054265,apple
14,129,197,22.426553493979736,91.50693035306381,6.447325498889218,110.02485038613452,apple
38,133,196,23.25239095229946,91.72301321850435,5.6369091460749186,118.40803821453274,apple
15,140,195,22.791664856741416,94.06632579781235,5.979745609414894,109.86564503415637,apple
20,144,196,21.79335958371373,91.87024558499691,5.710000880701795,101.72694091853633,apple
24,133,202,23.522810165894313,91.82949996744148,5.8091380200464,109.84676454486414,apple
34,120,201,23.92409488665979,94.28243314843162,5.844217884467539,104.72482232748649,apple
27,140,195,21.307689444525806,94.62239233381985,5.747990359739028,105.33264477221896,apple
17,136,198,21.33078253109344,91.69135668188352,6.182086699674613,118.08827580083812,apple
19,140,195,22.376859253150847,90.67439765662756,6.000681893295748,114.7003904054366,apple
29,120,196,22.54800124584274,92.48610482628972,5.731794857055286,101.96583183397729,apple
26,122,203,23.92120306569714,92.21339912502145,6.150150962862758,104.93341291491872,apple
34,123,195,23.205439348306225,91.17167306956982,6.461282825490487,118.04135424628325,apple
29,125,195,22.86823672810892,93.4590141033323,6.0202808221700375,106.56180174145278,apple
29,138,200,21.92964356538863,94.48935418735078,5.759074672894123,100.73688930133855,apple
17,135,195,23.303081256069554,93.12349290807317,6.124041430993215,105.7063760785827,apple
11,127,201,23.953849039714324,94.43817705665303,6.067559785238708,107.04841113147403,apple
36,127,202,22.18520693198338,93.73883377257876,5.875512198375339,106.04335138998555,apple
31,126,204,22.42863026094075,93.42167611413474,5.83806904006523,115.81318922331032,apple
26,143,204,22.784573473094365,92.85154062000032,5.652428031611817,119.71768695247755,apple
34,138,201,23.365315711114796,90.05570768455622,6.45613509411502,115.62349498181544,apple
37,133,199,21.13131758548509,90.3829973689661,5.694680456818099,108.51457294813147,apple
25,125,195,22.55522364683157,94.15266057733352,6.1876300182029995,113.45112821584596,apple
15,141,199,22.39965775087901,94.24057138120361,6.028997295266702,105.88759797409719,apple
27,139,204,22.5762277834193,90.2773793732081,5.946475871226666,108.17414927932857,apple
18,143,199,21.335889105574925,93.94699489507099,6.098557900906817,105.10200587662112,apple
13,127,200,22.71769509602137,91.56999270375702,6.2492614744197885,119.31026469261232,apple
13,128,199,23.46760274853804,94.55820009972312,5.604786045000058,101.78737172752483,apple
17,129,201,22.937726645837984,91.97258250634215,6.423300842502887,116.62741023753713,apple
22,142,200,21.48398849555644,94.75896723590054,6.3137545333192335,119.78958655310767,apple
13,129,199,23.54841930473872,90.3721578859638,5.680096648056043,113.80456312873298,apple
29,135,203,22.19553267709661,90.6546187773453,5.83602794828351,115.77975129558752,apple
29,133,204,23.257041668562785,94.77441765190133,5.965919896821244,116.93212856629022,apple
35,140,197,23.445621871217295,94.62953291186508,5.96361150775744,117.1490961879642,apple
28,130,198,21.65973424434748,90.76747503491991,6.401423369219637,100.38897002823118,apple
17,129,202,21.41141874925356,91.98511830251226,5.960507199601868,117.78555589353516,apple
25,124,202,22.78728775914523,90.68418033938438,5.672132324974543,108.87817987503703,apple
35,129,198,21.346423770914992,91.63484371686967,6.2453724428247135,117.67673485436428,apple
22,143,202,22.245218068161364,93.12364212459171,5.967395090266141,118.12789481876985,apple
32,139,204,23.412128448191137,90.79873673818967,6.385728036051637,103.69045526866759,apple
22,144,198,21.642552143966757,92.54764591441662,6.133812398437524,115.10701225002211,apple
26,129,200,21.66746598461088,92.4730843860532,6.467634077651418,111.08704501635758,apple
18,125,204,23.617733945065293,92.4162801371444,5.5681064132239895,116.61661351565344,apple
24,123,200,22.030485216171442,94.52394908414077,5.97436302243342,106.5940474224373,apple
21,135,204,23.790160240759953,92.0500693425209,6.020146825835063,102.11685777583084,apple
28,144,202,22.652718992368822,94.98076312365279,6.094905012787339,116.53763669539808,apple
28,144,200,23.026517449118902,94.26747232711128,6.245884309294974,113.9037403375209,apple
35,143,198,23.530872757058177,92.9721821490905,6.317482349253428,101.79232109926978,apple
20,122,199,23.359299704324883,90.09236526223697,5.639225256133442,119.75851298810879,apple
33,136,199,21.16908793139349,90.85142618536318,6.392622092558378,106.16217723703843,apple
16,123,204,23.687086410839235,90.12384383115894,6.358418208687162,109.49907919170134,apple
29,140,203,22.315733847089653,93.71086717984863,6.422204265638226,116.6749102790053,apple
10,143,202,22.194305705301012,91.56211016965896,5.786007697905298,110.29002440804437,apple
34,139,198,22.62765114596681,90.08302531226633,6.149687186943699,107.75175073567895,apple
14,121,204,21.113660745782525,93.52035506745322,5.845053660824847,117.97455738850783,apple
23,124,200,21.980625763717534,94.49750518737739,6.368426236368573,115.89150575481493,apple
19,124,197,22.754972607179738,91.16920408085399,6.082033260053873,108.25997170207,apple
22,128,203,21.26355157359337,92.99456522819268,6.290020056879941,109.68144902233261,apple
22,122,202,22.978419495537057,91.33414483553219,5.757816276061483,111.82368160194534,apple
16,143,198,22.698472170053023,94.2022666155033,6.399315029336025,101.47149097446032,apple
15,141,197,23.93380255554903,91.63774636421988,6.286122085946552,114.0247007242055,apple
16,133,199,22.702738751702295,90.93693511518669,6.329408303830994,118.32832426110579,apple
25,137,201,23.441387671157823,91.86737587691564,5.6945330600542405,114.92263311556661,apple
26,127,199,23.033323748508867,90.52174409566247,5.979646469264266,111.81548753349881,apple
20,126,195,21.876332147057166,93.25199121811437,5.654415792020412,112.80921019399754,apple
26,121,197,21.20738516931309,90.52946351524241,5.967071432635151,113.63974720542188,apple
21,128,202,23.469061863001254,92.27111278500325,6.297217404549264,106.62054854901297,apple
36,139,201,22.266710385386773,90.90673988325753,5.760670464021998,110.24227156933388,apple
28,128,196,21.80431137773487,91.30316109717252,6.279302242823225,111.98878865329425,apple
34,140,199,23.83954868888283,90.92897405602612,5.954507870181528,101.08858609126001,apple
32,17,11,32.74909094549257,93.11965322936246,6.160847459732248,119.8005501377375,orange
16,10,10,11.642100416153585,94.32159378478732,7.139987441515602,103.85250542920723,orange
38,16,12,32.47921808473572,90.03189182905179,7.123667978756366,117.47390095208713,orange
29,29,14,21.593950953348255,92.01190545510855,6.28653166616599,112.39420858713412,orange
17,17,11,33.328887932867524,93.15871819798431,6.1012658511937,112.8343821976371,orange
32,28,14,24.903348054738032,92.42912900875754,7.4635667268356976,119.0070811887983,orange
23,27,11,18.421111544342665,90.25346201047189,6.337174451586232,106.14921537056824,orange
32,16,13,11.712182289499278,94.83553823384854,6.450252222501638,104.28060812986662,orange
26,13,14,26.921190631975172,92.16176925636039,7.416805992189399,109.7043299028094,orange
24,22,12,13.820708523528051,90.73868541286721,6.598484291676853,103.51471005947164,orange
10,14,12,23.462333532525268,90.20945655367096,6.895769582495868,118.69444958091643,orange
35,25,11,29.757951817145983,93.68608541054036,6.077726410210692,109.97417722458937,orange
15,21,12,31.495309283374542,91.75943260219906,6.368623625024224,100.8036061501365,orange
35,17,13,28.543955603331757,90.68223932274621,6.389803686840914,112.19221294820852,orange
21,27,14,34.39353591135544,93.79305093936745,6.3905818283533975,117.47430212645024,orange
27,15,10,29.485851954685458,90.30502676812027,6.359837635451928,118.09029955236987,orange
28,12,14,16.771413262995345,93.81090572968613,6.700361882037903,107.31123730021953,orange
17,10,14,19.54248852021213,93.71499609276434,6.205521329442897,105.02623388536813,orange
18,16,10,25.40977893618534,92.09288152057802,7.259869922738682,110.54548432807397,orange
13,28,14,14.323796514549683,94.1425255106936,6.360212989972861,118.4493846227721,orange
33,14,14,12.221310839574814,92.28489601807382,7.398887028412978,109.8326537467544,orange
13,24,12,32.080580175548306,91.56462615436041,6.710491729888668,110.67554269792745,orange
12,25,14,25.99435477701072,94.8032554321496,7.351964400197701,108.44454269739437,orange
28,24,10,21.690274618230085,91.37723187503894,6.978158940950184,101.38346227640926,orange
30,18,14,16.594878643421467,94.57645203500005,6.737761610577876,109.25360857681193,orange
12,11,12,19.08277559812564,90.77848651076214,6.677706832837936,108.22680157022515,orange
39,20,13,17.3781492872512,91.25200725318149,6.606174082647121,108.6835844362979,orange
24,17,11,21.13050704835185,91.52696639292594,6.982826986166288,113.39748071570763,orange
39,11,10,10.962749006132993,94.26598332407316,6.548059363082293,109.93181340896065,orange
16,26,11,16.547210127241627,91.57794565728223,6.236054190271294,115.46260358137091,orange
12,26,12,14.04416672628063,94.59249876632802,6.739527481983275,111.53061995951374,orange
38,25,11,33.27862153720638,93.75402018276236,6.050881305995456,100.5605181124095,orange
23,14,10,21.293529691448548,90.59103595210016,6.467621612480005,106.1187202295708,orange
27,26,11,14.82394797303619,94.9100770752952,6.2357121527043535,116.96944662254779,orange
39,18,14,30.658176146525964,93.63199185515056,6.18082615651532,118.51931335790866,orange
29,17,12,16.277031464278945,92.07219439168767,7.39888364947495,115.1063724778037,orange
25,15,13,23.796282437192325,92.3745726484964,7.492798471178155,101.49270675489402,orange
38,12,10,13.631872708925188,94.78612586861607,7.15417642382121,108.11574420125922,orange
19,14,12,18.561943170084838,90.02703818718743,7.067552064388769,110.08459812816335,orange
39,29,11,26.8405956567985,90.05722038116886,6.378377673445692,104.4914730366385,orange
19,17,13,34.55416184657638,91.90786837811926,7.077579567402388,112.37213400236874,orange
12,23,11,28.958502069460454,94.92841499668955,6.634871248474448,112.89967635486563,orange
36,10,12,17.407264026418158,92.73662235358968,7.283603974551005,119.10252843133594,orange
36,17,11,16.713730320128917,92.50468663598201,6.880796799829813,100.34551540279232,orange
30,21,12,22.438995112285717,90.0275928432158,7.431769821057982,117.91254089640188,orange
20,22,14,27.95784780104201,94.67749587702292,6.8829797088318205,110.83326293999342,orange
36,13,14,10.341531025512069,94.40089931597942,6.205860628842066,100.93399266015894,orange
25,17,12,32.406886449693374,94.45941874507957,7.38595368598032,112.6449126643504,orange
30,19,13,18.040012197969265,91.04283990545237,6.552922649477878,116.2706359783664,orange
17,16,14,28.8998216940115,92.35472276876884,6.033791427539047,112.11386256728159,orange
25,19,14,33.299560439418215,90.18133066210342,6.593435465077306,100.73373062722473,orange
21,14,13,17.57446101182836,94.27457280615671,7.389989276564241,112.770809155481,orange
31,26,12,22.789302632658913,94.97118869718734,6.5511854690769304,111.90351697472686,orange
19,26,13,17.675850842902584,94.71033237389021,7.007971270530746,109.5646857106407,orange
21,21,14,17.96070597888088,93.738558549086,6.328765758602443,103.20206450017514,orange
35,26,14,19.58462403050457,90.91236732327698,7.115866229285575,100.75062834179069,orange
23,11,13,29.76523000891417,91.57730185371378,7.023882947299269,110.90905092666175,orange
19,15,11,28.988678302450957,93.72780693503135,6.909182714571155,109.39903677920302,orange
26,28,14,29.92085801902761,92.24475907718664,6.360732526059415,113.77953244368824,orange
22,17,12,10.109529870722291,92.85819656404462,6.281945432601545,101.72559145172481,orange
13,26,10,34.28847620993764,90.08736222727374,7.211261296022978,111.22916579747148,orange
31,16,13,11.77791701015908,92.75413826400649,6.072235640165387,112.09800839028958,orange
39,29,13,24.10907881126802,90.54690939876359,6.832245078221365,108.13707750015512,orange
16,11,14,22.950782058763014,94.61623969860344,7.413296973048883,104.18177463285683,orange
13,11,12,17.888258440105677,94.35618457866464,7.293834817030951,115.38529774057173,orange
34,15,13,17.596027985291922,93.5968554382117,6.4151318066441245,119.56520100574076,orange
28,13,14,10.785345074915195,90.183587839664,7.405496859918563,112.84786410863063,orange
28,29,11,11.06481182797464,90.03185008170497,6.513090661707092,105.50452722939139,orange
14,18,14,33.11261325923208,94.00783387416047,7.385393646489623,113.35515114333698,orange
19,17,10,23.049349886251385,91.9792093809983,6.086371234699006,111.25277969013447,orange
11,26,10,26.022812494306706,92.17089900523187,6.851521655586784,113.38064688137707,orange
33,14,13,27.83163448785198,94.45662860794432,6.072136695257343,107.92078311551474,orange
19,16,12,18.469417012113595,94.22596520096259,6.800451141468351,112.88281956638754,orange
10,22,13,22.038425052240854,93.0643521187737,6.606514967926117,108.26614848551814,orange
33,12,14,28.435714218466153,93.19230908635309,6.005845858349978,104.13233850055462,orange
14,18,13,19.536066824540292,94.85636011831261,6.45353876926548,116.73601305323511,orange
30,14,10,29.26315004031433,93.71794018970556,6.27335543485332,112.23039575996859,orange
23,27,12,17.59433614237292,91.83603463028547,6.650563562350599,109.1145794939891,orange
31,13,11,30.397258011338707,93.04340051934142,6.383572365275422,119.50593483547084,orange
21,25,14,24.949801751932966,92.81704068397318,6.754792439977979,119.46681691772551,orange
29,10,14,30.89664337332079,90.99948831385859,6.735907188928556,102.09569800368631,orange
19,12,14,10.318241956659865,93.86486252227434,6.582682517321543,103.09749697688032,orange
30,24,11,29.14591889283399,92.55422851747582,7.008790457566397,104.83240232159196,orange
27,14,14,30.977662017432596,92.62772932516386,6.264566368502141,114.52948678404087,orange
10,12,14,22.311298209506667,94.33916543714017,6.314349702040886,113.87086442806239,orange
10,12,14,19.225913132851254,94.04517940066557,6.228972449966686,112.30193094839599,orange
18,18,10,16.22708442192708,93.84932135138452,6.839903937568064,105.2664793185976,orange
19,21,10,15.580493323620045,91.89735176848359,6.525426915371653,105.77426652891289,orange
37,19,10,27.317763235174723,94.71330617032987,7.244227666279166,102.86807567225688,orange
37,29,12,20.794563085540382,94.19236125141305,6.841679543999328,107.09011303879097,orange
14,20,12,17.629630345786442,90.55397951112117,7.137284256907575,113.21195060448579,orange
35,29,12,13.908744878305153,91.30243337299665,6.646193135158555,107.46220416517015,orange
26,21,14,24.89028718643221,93.54010042610277,7.34095431435397,114.74719323855528,orange
15,22,11,30.839775209586595,94.4759888911754,7.094366318516965,100.57456672499946,orange
39,26,11,30.30639118221978,92.75685962256985,7.483887805996708,112.56374329588351,orange
12,19,11,25.3798396713098,92.98210603932694,6.371455371012235,117.9804522887603,orange
24,14,12,17.410618373837824,93.07828145820983,6.57078441856193,119.14525397063343,orange
17,13,12,15.412424918308883,94.98524150427491,6.801553057680476,100.63858042393534,orange
18,23,14,30.584652303949714,92.09316115342301,6.2166199798511625,108.02255025502569,orange
33,17,13,17.242062131956082,94.46925104516575,7.499765450509182,118.60715190384921,orange
46,58,50,24.80645397569731,94.2584579904313,6.635397606749179,117.60580396396008,papaya
68,61,49,40.017577559815706,92.38556112653063,6.7725662247712215,240.598262037077,papaya
36,63,46,26.854789204428656,91.3685164889283,6.967255932377487,237.98163973271753,papaya
69,54,52,31.99653903989207,90.21332237583603,6.867211980810975,205.79887168522075,papaya
43,61,53,34.772478302262144,92.37910854975667,6.641968446310811,185.7203030600045,papaya
62,63,48,27.966728992988976,91.45045437351374,6.939059080265932,176.1268542000269,papaya
62,55,45,38.88634565988237,92.13979660398688,6.74495049595708,217.92101712452296,papaya
56,53,46,33.146255650230344,90.31676577230196,6.550908363611753,160.78718199446575,papaya
44,50,54,40.43739663398553,90.206443907414,6.602474350262214,146.4478160934674,papaya
59,62,45,41.76218058912249,92.84343478677506,6.7287359319215,153.1097241663714,papaya
44,63,46,27.06002657101342,92.05733505434581,6.5778948311875585,158.22558978258792,papaya
51,63,48,42.38954531910047,90.81939832096069,6.506204277435156,183.3952442183611,papaya
50,53,45,43.12103476740269,92.03261686611579,6.9599319994870585,195.85592893248642,papaya
48,47,52,40.649823546031286,90.39280514893058,6.971581773263269,108.4005152333369,papaya
39,51,53,36.83372308116359,91.26920045876271,6.691101182437514,140.93651699997224,papaya
31,55,47,30.970130536797456,94.06534629821716,6.56191419893429,201.8341742023922,papaya
34,48,53,24.834347765482413,91.38751330405805,6.538590488291385,166.20705634420545,papaya
44,46,45,34.85799091708894,93.76974308591011,6.874781430013863,107.27930460416928,papaya
65,48,48,41.122153917985386,92.82386014206594,6.898379169476282,146.96043707294822,papaya
42,58,54,33.07763923606737,91.63093601519236,6.96089850868568,169.6302357738282,papaya
39,59,53,26.90992028678765,92.58190699332346,6.910473524286435,174.34333221766934,papaya
39,57,45,25.147129155505137,91.6540360430989,6.544066572653045,132.72709638733934,papaya
41,54,48,26.613629641606945,93.69195178800861,6.59430948587947,248.3510055549603,papaya
48,64,51,39.34561044266797,93.40110300565112,6.569563064368758,232.27327435149675,papaya
64,52,50,40.69647601872065,90.22811413638928,6.831130724520987,153.93540750135423,papaya
41,50,51,25.23776344282829,90.64449225931071,6.626207222466829,241.1531238047489,papaya
59,45,46,34.987029416224196,91.89593993317617,6.981668349737699,135.99666035929727,papaya
32,47,45,28.745926571005185,90.56886978088897,6.666778588867653,215.9379474275196,papaya
51,53,50,24.750541064626038,91.49518640397672,6.87834726244552,105.72632828702153,papaya
68,62,46,29.334208328718574,94.2131351826877,6.945394225086002,148.36993736153218,papaya
31,63,46,38.867305812196264,91.00614046713227,6.6214283181932725,158.05595825284124,papaya
55,52,51,31.01522530577946,91.4026431171486,6.925151953123115,217.69057259709052,papaya
58,46,50,26.403229123734796,90.75370122267302,6.642527214111201,170.1076370635488,papaya
33,64,51,30.274730723333786,93.39033858233115,6.730895374188235,162.60523253750003,papaya
60,55,54,34.97621020537429,91.49736228546594,6.986955279008968,194.1050744863607,papaya
32,53,45,33.72128302711619,91.6155954791592,6.703911969069965,190.51868253670125,papaya
45,50,53,30.20647707482383,94.93513533299773,6.70847892229814,229.05910406380974,papaya
64,50,53,35.292860381937814,91.78647628351509,6.975939813595924,225.40047994516925,papaya
44,60,52,43.22098912467396,92.33107063714479,6.753444554770414,161.94353851115895,papaya
59,49,45,26.861359108346868,93.95688528277151,6.853245057318782,223.43637651370483,papaya
59,60,45,33.73661388900527,92.02998876280162,6.855412115667546,120.23548120606179,papaya
67,51,46,39.18099272890968,93.11226737281739,6.9304628494352505,238.0562374179258,papaya
49,48,46,23.56758836257061,93.90205113240025,6.619865843600703,198.41019666410045,papaya
57,64,52,26.796337145256082,91.97069254026056,6.755617573422579,120.28359256308401,papaya
37,61,53,40.97810934705342,94.2257280011036,6.961563733768861,201.18578944338654,papaya
53,62,54,34.90293734004084,91.78123061079842,6.966583048949048,123.87400895337767,papaya
64,46,48,26.219845131460275,94.01971317171936,6.66243099378894,169.20786418818426,papaya
31,49,54,36.08838646463329,93.3672306476059,6.833135497371607,112.10096385263502,papaya
37,48,45,30.897855949077037,94.38843942247317,6.953178475081715,174.4716983798762,papaya
51,60,49,36.514391062597156,93.18805083890048,6.807407364619596,122.03715361743602,papaya
56,63,46,43.24410287090697,93.08340441422992,6.632930930709697,178.26347865557162,papaya
55,57,48,26.320561256112416,91.71293042009272,6.598094187521139,233.44442014142675,papaya
56,64,53,27.44475847014392,90.39329584099386,6.898124535886145,202.26238756841332,papaya
45,58,46,32.50727423840258,91.04509049641257,6.637786307853786,190.38874827108143,papaya
35,47,53,25.061067035753794,91.41942196318207,6.954540057324902,174.98098993689638,papaya
52,52,53,23.244942090768074,92.2135315794197,6.838391851285603,162.94903956384587,papaya
48,45,49,28.677611408647966,93.09972606802368,6.884468750398832,238.108796532482,papaya
46,48,47,24.222429725726926,92.27903262617282,6.796725414802862,191.72222242479066,papaya
50,49,45,43.36147570979092,92.32994894122328,6.628191006882971,201.761236135298,papaya
61,46,51,34.069805761865226,90.885214590761,6.631763589744332,137.22387395844024,papaya
31,63,51,34.64670362626943,91.76962884122517,6.863394170522703,239.210306764971,papaya
46,46,49,40.48421176838721,92.72868591759513,6.933483370531181,153.322000933,papaya
44,54,51,40.55098237666187,91.38715385765191,6.896727995184936,108.26870207525033,papaya
62,63,49,42.05329829463226,93.97800648469483,6.9784246606762705,221.40842202883968,papaya
43,45,51,29.726838106199207,94.76485494129408,6.590936127633408,184.94077811077898,papaya
53,61,50,28.865865059689654,92.57483109108279,6.541688655208638,101.5477811674481,papaya
41,63,49,31.08494372161197,93.0197819883234,6.633673924958683,194.61843909408083,papaya
63,50,48,39.13999749124582,91.41628852833695,6.980155597693546,167.83885550215177,papaya
66,64,48,30.856104129328262,92.26121525109725,6.645105204767,224.9202818901336,papaya
60,56,54,26.688505211091698,93.36264386154741,6.786920390860759,131.2593051888059,papaya
30,58,52,30.138145549142386,94.22498439248801,6.647029237168703,109.66520411549376,papaya
63,61,50,26.74563317479644,94.92871527268532,6.551858415414719,231.49692910618808,papaya
46,61,46,32.23308559677017,90.5222641525739,6.539833006125648,236.293708191844,papaya
55,55,48,28.742510693485627,93.08026278423715,6.803623735065385,151.18051571343798,papaya
62,59,54,39.296826682255485,91.90917211247229,6.875714836709489,240.37372222342054,papaya
49,59,46,43.798069685796655,91.56904454538618,6.647145121007704,127.95696310670812,papaya
39,64,48,43.12725823339285,92.15166627339394,6.979225044169458,106.9101940471133,papaya
59,60,46,32.25484928775428,93.72254687638217,6.74570421752817,107.608693708939,papaya
68,49,46,29.07050424204822,90.70232663897397,6.860889647602607,117.1723159069043,papaya
63,62,45,40.54387457555535,93.56856837804668,6.875975654094816,102.96674224499037,papaya
31,59,49,28.191007763642915,91.30426313480548,6.893008767962422,126.86850968142963,papaya
30,50,52,36.991173749708615,92.63109592230144,6.9317789350795875,227.87790422744638,papaya
50,62,50,39.09031946846618,93.31373946516625,6.720897027650507,100.8069461755247,papaya
61,50,51,39.74294398094737,90.5808482432671,6.626978724174985,225.55285536738262,papaya
55,64,49,25.37260954569262,91.25392308821912,6.97128339212911,230.75377575111585,papaya
62,47,48,37.010352839922206,92.4286658693226,6.564880846727881,211.2688576332293,papaya
32,49,46,35.47827298743313,91.41806489704683,6.579969815888216,160.77769337333774,papaya
38,54,48,31.55249605935432,93.60215184436629,6.875637814632164,168.71476930027262,papaya
42,61,51,29.46343953947735,92.25531165262392,6.994025414721325,176.0567905161675,papaya
63,47,46,32.64700596875327,90.67940168661347,6.789752549380205,115.22598483936535,papaya
37,46,52,29.41403552052078,92.0691481811161,6.651061440980468,133.67062092825375,papaya
55,64,53,30.00043978384236,94.06587284080956,6.659364130956089,233.5410075376422,papaya
33,52,47,38.987595933254326,91.7652924724817,6.910244830897593,142.3814892939813,papaya
46,53,54,26.35366837441142,91.74513490156832,6.842157903736566,214.6891142664614,papaya
34,49,52,23.157024290345163,92.6182554646089,6.918328001564306,239.74285677385998,papaya
66,48,52,36.98176424299092,90.37885654751403,6.792004263442548,228.61505703567883,papaya
60,47,51,30.994473073105716,92.4939118018314,6.647589751724064,150.00086877270223,papaya
57,64,45,37.53959121889079,90.15731552179282,6.892788167847334,247.06364047659494,papaya
34,47,50,41.173963025911874,91.42256629358094,6.863049054143623,194.091741172723,papaya
33,46,46,23.35101652609726,92.55609216651757,6.8238789599791145,147.98196508897146,papaya
19,23,27,28.15757326623799,90.92293740303617,5.9896663799056995,191.82632829943182,coconut
15,14,32,27.73958157646035,93.34135909186656,6.409757398301004,159.1192211672457,coconut
11,29,34,27.798024271479566,93.70831654778863,5.579414119930262,138.6884032997943,coconut
20,27,34,26.260545537782974,93.64937628994876,5.980462845095171,144.00017610720187,coconut
32,23,29,27.090466254407833,90.46145388932095,6.424900093570507,214.94977027845496,coconut
35,26,27,28.592126197430325,92.33889669830575,6.372013850286376,217.69914194650235,coconut
11,20,34,25.19638428602273,91.42990709226302,6.461367112132763,180.96616559776015,coconut
18,11,33,28.889676192401687,91.16710171503436,6.25476681674202,158.96124012728944,coconut
25,11,29,28.978375672942747,92.83813921307822,6.108325331050022,147.65679678604167,coconut
24,29,30,27.709696317672783,92.40115933401796,6.28465849132991,132.4631683149247,coconut
35,16,25,28.89747579663851,91.66789092160349,5.584911094828497,143.0416083239576,coconut
10,15,30,26.805333137915174,90.3539024211912,6.284129818697356,225.63606256883816,coconut
39,17,30,25.72868191765356,91.88851650925642,5.577899406689075,209.3519230414651,coconut
19,12,26,26.51218733199091,92.40798510727554,5.7467589344021865,179.38506061106892,coconut
37,17,28,27.362792734735308,94.45280872716668,5.8456544085676105,228.01498851961568,coconut
15,15,30,28.094211984396036,94.29270165710464,5.891678117512508,209.80902507056408,coconut
11,13,27,27.54722047595403,93.82962867770115,5.997401966290985,167.68053168922762,coconut
24,27,30,26.185147166854094,92.38585337789546,5.536211073595435,136.07280982510946,coconut
24,26,29,28.685690726512043,92.44571982631948,6.304445388940487,163.85251718099573,coconut
28,18,25,25.353744584996523,91.40347283971475,5.842181976998882,215.35047851235464,coconut
29,25,25,28.81026883923295,92.2161379619168,5.673687763096896,227.2287847303294,coconut
27,21,27,26.67673758545845,92.27817932382312,5.900690302420775,172.86154718095008,coconut
13,18,33,26.071241369250714,94.93599418181712,6.0322522137292465,150.0808751703015,coconut
29,19,31,27.874801663181927,93.3979666907409,6.125350188331891,183.60739086870524,coconut
36,19,34,27.448161468976743,94.01503064982727,6.476302157860568,189.17643125402498,coconut
31,26,31,28.17727868339552,94.63212541228894,6.330099901583998,148.70274569265555,coconut
17,15,25,25.695821111618198,91.94469058239301,6.392169067243433,203.21609731234653,coconut
18,28,26,28.488522575404822,92.5689547805445,6.471175497281205,168.3739075077363,coconut
14,12,29,28.92251738357125,92.60108293419246,6.080335798459706,165.26850670719782,coconut
17,11,34,27.836808537679122,93.10806151959186,6.279581136707998,213.1332367365028,coconut
25,17,32,28.733808057579466,91.95268211949833,6.3980147194767465,178.88460381783128,coconut
17,27,25,26.84752278812138,94.20721164759465,6.45825919938198,220.26541809657752,coconut
19,11,29,25.488151437343852,92.4404135114605,6.328071799550923,224.801133310562,coconut
38,29,34,27.357851522517283,92.131607039913,6.031796246667156,173.15600067075573,coconut
11,26,30,25.713674714168956,92.8570777541335,6.405336532890872,151.64509366553318,coconut
36,19,32,27.534138298912943,93.23238082441654,5.914158229725064,227.19244020794784,coconut
17,16,26,26.46650567447125,94.305436097342,6.452601407932878,141.2589704449481,coconut
35,18,32,26.362519857766028,90.149607903425,6.272695488826815,151.1999257783412,coconut
39,11,29,27.43465255783547,92.55696323114856,5.707984037426041,157.7597943150707,coconut
15,17,31,26.980961650635983,92.52634910231797,5.9610608520417205,204.15135146858967,coconut
37,24,26,27.847379761399903,94.82416181449652,6.423335523255029,229.91716684475955,coconut
34,26,33,27.383572711750855,91.51477468655565,6.264417803310609,197.21856875056994,coconut
23,15,34,28.693144228063847,92.59712817886819,5.6056723578943535,173.30952532483053,coconut
21,15,29,27.187494422408314,93.33008958663517,6.18513353781041,140.64240414887473,coconut
32,20,34,28.5163671774967,91.57425373534765,5.780669333030961,186.21410389951077,coconut
11,13,34,26.126171340101013,91.40950910162981,6.241034216959721,227.4021996101036,coconut
35,22,32,26.470542234516536,94.00738284398828,5.66170260881062,161.21761407405154,coconut
15,25,30,28.913633735956623,94.21180463086164,5.931180682896294,188.20655985011027,coconut
36,22,31,27.666047937688777,92.50278987597792,5.922703017119889,220.71643375160926,coconut
28,11,33,26.658356846421754,93.91452310476,6.194593943772182,196.02495663154292,coconut
15,14,33,25.30985163067257,90.5197831969096,6.327055611148862,137.8605843461141,coconut
11,21,28,25.85451528390562,91.04369460074643,6.302501226701975,215.06214470429006,coconut
23,21,28,26.4910562203989,92.49045739596029,6.24885642689927,150.4594669812083,coconut
28,14,26,27.205778565684554,93.40030845205557,6.367598337786437,222.71604645496768,coconut
24,29,26,26.89952775227806,92.09023520347034,6.2469302478244995,207.47827362824236,coconut
11,11,34,26.235565962762116,92.55231576307433,5.6247055323299024,213.5280347830635,coconut
24,13,31,28.377763060597154,93.60742052670338,6.060602361734351,160.23070591824052,coconut
35,25,26,25.68698270239652,92.60596100264907,5.9195723431573875,194.03130733735128,coconut
33,16,25,26.77056797155064,92.18347983670463,6.04311686623857,192.3753906282363,coconut
15,25,27,26.589294667988337,94.44285395786434,6.449716229657802,221.10633017782618,coconut
33,10,27,26.549381962533978,90.56005783104436,6.485085717296796,164.93767068942526,coconut
24,20,29,26.884944219575083,90.33547243253656,6.066654540050541,199.2177686206917,coconut
24,25,32,25.875563841272104,93.42153236805872,6.021589827773146,178.80043593811473,coconut
31,16,28,28.497072948945334,90.58004334633188,5.754774835282313,175.30087946153935,coconut
35,23,31,25.090970273952223,91.44514657409458,5.54080410191657,217.18206048449935,coconut
28,15,27,27.75941440406717,93.94051561964535,6.1731569890457445,207.78137454496445,coconut
37,22,32,28.269927147713535,91.90700159288811,5.6966525431863975,200.7432586186091,coconut
26,16,31,25.254467331770538,94.3187128492027,6.299537568678657,228.3643977465223,coconut
24,10,33,28.907308316357927,93.63648427993536,6.021789649160245,174.6524533969134,coconut
29,24,26,27.420416379620537,94.11304053899775,5.839255313357296,141.22439206374256,coconut
25,13,29,28.852587280277397,94.75075078680266,5.742044765600353,134.95146246482815,coconut
37,19,28,27.29290166495535,94.06954112163814,6.004543711276307,173.92384066170513,coconut
12,21,32,27.97727700265198,94.09355945308926,5.847747012143392,155.31997414779858,coconut
20,14,31,28.72543496738692,90.41644449656394,6.012988074218331,141.525664338216,coconut
21,19,29,26.898512567520832,94.26579845026185,5.67165495450341,200.77091410789728,coconut
26,25,33,27.56308748799676,93.16968759165556,6.344284035665687,184.90388589544864,coconut
27,24,26,26.26869109624576,94.27477212097155,5.717528620920536,202.25896696135354,coconut
13,21,30,27.596193775678557,94.882857774917,5.8220419759458855,207.44662521260824,coconut
17,23,32,25.045247006068344,90.6690043485218,6.183162710203006,178.58849731588444,coconut
20,11,34,25.919978587409048,93.91115187085948,5.517845031343505,175.19396602366606,coconut
26,13,30,25.924876275852895,91.48685329200005,5.914093578561763,228.60222064295726,coconut
28,19,33,28.096830876631437,94.62360221166277,5.659564412228605,156.17809982562204,coconut
19,27,31,28.58218354880673,94.62093140982695,6.260315880357241,168.591541580513,coconut
15,26,29,27.86055627138696,90.26835381628622,6.046569021562581,220.41590649217085,coconut
33,12,25,28.621587674212353,91.40390824041387,6.242047582782357,165.40081940947513,coconut
32,21,32,25.26069454508539,92.18468158147174,6.491092223962626,170.4661074321046,coconut
34,24,26,28.290433137676544,92.92713944076226,5.711008936782921,200.1490740878478,coconut
27,11,28,25.26890256127816,92.545163795672,6.0444845503115925,219.9388950156816,coconut
33,22,31,28.08143502533928,92.2929864620238,6.420623758271398,160.94727232887598,coconut
29,14,34,27.061333583319335,91.93843496328857,6.195103484371533,195.71599873517323,coconut
25,15,32,26.703684103417395,90.17903243446477,5.663942640876688,227.83921377351766,coconut
27,29,34,25.30512621679871,93.39829620292672,5.503517055492832,180.6931479478157,coconut
37,23,30,28.90282207988677,92.22846636861554,6.1618409760547195,151.33102399642445,coconut
20,13,29,25.116288276546022,92.22084278024114,6.0925396085007515,148.4035940635632,coconut
35,28,26,25.585643286628105,94.91795707862269,6.010071572113806,173.97593421896184,coconut
32,25,27,25.008696842503497,91.15326843952774,5.780560655010556,223.01943118925016,coconut
20,18,30,26.838200604390572,94.3880389509769,5.782715194613967,160.95658493371772,coconut
33,12,29,25.216198702054964,93.98699722157941,5.5478255926043945,190.1775046174019,coconut
36,15,29,25.31297501689237,90.76667404819503,6.034766088182011,199.18490310784512,coconut
33,15,31,28.005592583140896,90.49150802780787,5.6715349881884345,186.84954239844126,coconut
119,52,15,22.81500015752064,60.058899023821915,6.6852294456150645,82.5608225629595,cotton
135,40,21,22.813176959401382,56.771638850532135,7.173987747899431,75.71763404362744,cotton
113,44,24,25.251373569954925,56.089733884837216,7.01982786470756,61.69650810327608,cotton
100,55,24,25.961705796230333,58.05025131527199,7.184174383994246,66.79455269229443,cotton
121,49,20,22.609153899855812,60.60545568972286,7.381365032357466,97.72129021981881,cotton
138,54,16,25.67857386416318,58.21602815666912,6.7264188723984075,86.04758493878421,cotton
138,45,24,25.441697519860487,64.77667335546707,6.09770422920372,94.10728870459147,cotton
124,45,16,25.494473979697247,63.998503373859386,6.5174581787050405,93.17556555274791,cotton
101,39,22,25.396120765738914,61.32371008198599,6.42281612527078,88.7223641416106,cotton
115,52,17,24.024941973311545,59.13587833947268,6.292986803234896,97.78218530709407,cotton
111,49,18,22.823994092055315,58.41883363133542,6.385053825267608,80.75900909596587,cotton
102,38,23,24.1203281496066,61.34133502379641,7.165063575566045,70.26724336974782,cotton
109,56,16,25.039220540637384,61.91436355949438,7.479047109155562,86.88680495786129,cotton
110,44,21,23.595769511927493,56.11828913511269,6.9131552579030675,60.468349521239155,cotton
100,57,23,24.690337256823895,59.659875578866654,7.485569907527312,65.06571199732426,cotton
130,56,22,25.76462518236847,62.20619798188313,6.327318626158311,92.47676888643005,cotton
135,40,19,23.605788041203642,62.55002935082445,6.393184824679753,84.17474223909792,cotton
114,46,17,23.155131726702958,64.89161747685945,6.979479619967241,85.09834562361598,cotton
132,57,19,24.365734968485178,55.79459465143146,6.317274968142149,85.77333376694472,cotton
120,51,18,25.021670192334966,62.647241872274286,6.592019787429153,99.96907496026364,cotton
122,52,24,24.313795802289555,57.29175828684223,6.546073879671295,62.101558019314545,cotton
114,37,16,22.619601927841494,63.94078395475455,7.096660748153689,71.16730113848392,cotton
134,53,24,25.237883641775536,61.34170062614569,6.07416408103871,72.9689708291695,cotton
114,56,22,22.944417596751247,64.23312367111241,6.175001975629778,87.9627593296491,cotton
138,43,24,22.611276663837206,57.791406572772125,6.423254390570432,72.44898297904794,cotton
123,57,17,25.34844656529201,61.4267108358399,6.725493423830362,70.99197301069036,cotton
111,45,17,22.904144191319315,58.01728087741793,6.377948944031381,73.46266775200382,cotton
138,55,15,25.145725942485846,62.62832029254096,7.3556140299816715,96.49934656256836,cotton
139,54,15,25.87320444451785,56.72789898117393,6.355172485935118,61.19704143452779,cotton
116,39,19,22.497776565712755,55.54431288818664,6.7838113452320705,75.26378197415528,cotton
113,52,17,24.80520095337941,58.121933773428324,6.160928222920636,96.19368561499442,cotton
132,36,17,24.12003477944995,61.63210868944646,6.629305190245868,69.14563008042072,cotton
113,49,22,22.324662431296574,60.858233882047884,6.186519086224577,69.1868594535625,cotton
107,35,15,23.771111484348552,57.342476125056656,6.230620500903414,83.77211738612164,cotton
134,43,20,25.938766403939773,56.674952726683394,6.382965617121399,68.39098227430887,cotton
120,56,22,24.33578050041967,55.456473617569614,6.528566157020384,76.54629511703929,cotton
102,55,23,22.580068977080224,59.54187113446554,7.201719586973153,81.03201131667429,cotton
109,55,19,22.597844594691015,57.73733506977532,7.494339669040341,77.96811256350512,cotton
113,35,21,24.368390867674137,61.170221548718594,6.970797315005184,98.161698901866,cotton
114,53,15,24.755414506588956,61.615358405499336,6.636086744944052,69.68286984117586,cotton
103,41,17,23.620535343543715,57.71459640377503,6.415977487197378,73.34271557007398,cotton
131,55,17,23.740831343394884,58.40410965594866,7.462538655914768,77.32980932376903,cotton
105,38,21,22.390864397576625,60.1002480504871,6.460515604619625,78.01761618798643,cotton
125,40,22,22.21193092937458,56.3863771191459,6.847699644258969,67.29462626326114,cotton
102,41,22,24.107322329561622,61.06994061905802,6.271058068611182,98.06994234889041,cotton
132,45,24,24.360550910320406,60.8979407712533,7.208473220875639,65.38058557675664,cotton
100,55,23,24.023652577494033,62.563960323497625,6.767789072067926,90.472343061691,cotton
113,56,20,25.90871886679401,58.26162744922497,7.412978056525175,72.6322470154762,cotton
123,51,20,25.35919940594136,64.48218908402873,6.468347567822786,93.4816027235915,cotton
126,35,18,23.61964471882127,63.530308286026525,6.834726593971693,65.62429668774303,cotton
133,44,17,23.906451933953736,55.07388623981359,7.213325896673348,88.33381117496728,cotton
138,37,20,22.23295904693856,57.845122731549104,6.255914108821868,81.9546126653301,cotton
105,43,23,25.734456535023952,57.72383387831844,7.166820775393927,81.95819239745978,cotton
105,38,15,24.797179551602724,60.1796823632547,6.190492591777475,97.30893853919282,cotton
109,35,22,24.168674212469774,63.8299979273567,6.997426732190179,81.23918737067557,cotton
107,50,22,22.003645915560234,57.683199024675645,6.36363348890733,71.51168569693421,cotton
132,44,15,24.785501082768292,61.04926562256816,6.893560598529364,68.86749475800292,cotton
124,41,19,25.49178860337043,64.30402074491342,6.027455677639687,69.57223589259544,cotton
104,36,18,23.21358585104639,63.73633079547418,7.262554438612394,64.39906479821951,cotton
120,52,18,23.87263301157383,58.728550668202345,7.424608436791703,61.538600534480054,cotton
124,56,24,25.80923003240777,56.65458572499066,6.91761217778304,71.8961900811404,cotton
136,50,21,23.223444275373858,56.67712011698532,6.522118673323395,70.79009692063289,cotton
103,56,18,24.84587071236249,55.081934855873094,6.868597262770689,79.25231208048592,cotton
139,46,16,22.817770918063943,57.266433544408805,6.4720594068093105,87.5454844983756,cotton
103,44,15,25.24998034853328,57.91027670570018,6.538497077414358,73.55503569298067,cotton
111,54,16,22.90383500932428,61.193674960009304,6.036222514171734,90.9221332327207,cotton
126,39,24,24.494695390449557,62.97467653170101,7.301624565640763,83.85308754878379,cotton
132,45,23,23.545747808758104,60.30672631098166,6.395215185738376,86.7797893208625,cotton
101,53,15,23.818674728698873,60.67880593768405,6.103585112103262,63.006532575456184,cotton
126,54,19,23.45408408575434,62.926027127921664,7.467305025519681,65.7639311101491,cotton
125,55,23,22.717436671176262,62.460796962690324,6.186952352503645,87.28993195865002,cotton
122,47,18,23.208040933686085,63.897871920087454,6.835372053153851,64.07463689607887,cotton
139,35,16,23.044671443082184,55.32697907260496,6.077722115158746,84.53651928619104,cotton
113,47,23,25.707655620587122,62.158450571360355,7.3157687054082885,75.60224587758458,cotton
111,40,16,22.361195861144893,62.21569599356884,6.3866174157094795,66.15782718239952,cotton
116,56,23,24.609284214577137,59.34718253499463,6.719717557821962,88.64654141354416,cotton
129,36,20,23.78078081931908,62.485678778850016,7.179825217320223,63.29980430844134,cotton
118,36,21,22.60589317256003,58.20738215618408,6.639873318508536,88.60042743060899,cotton
125,48,17,25.88528669197372,59.34632838988241,6.749399169970465,78.44841404734952,cotton
113,49,20,24.39304374504633,57.39557851716248,7.396745062070922,92.28119344471506,cotton
129,51,17,25.616485310657254,62.60219201127126,6.724010076850494,64.12908647993083,cotton
116,38,24,24.23282278861038,62.822499297972996,7.403549435960397,93.62825824305791,cotton
102,52,16,23.514485455629288,60.437721336640166,7.415700539845629,92.70149222985125,cotton
136,57,22,23.30744445838781,56.66166306614004,6.996648131286364,67.17773507276704,cotton
112,37,16,22.391619878767674,59.69274176017254,7.048795280049393,88.08427382991533,cotton
119,39,23,22.933281872985287,57.885305497169114,7.292034668587191,94.75294002864919,cotton
105,39,19,22.989809888271264,60.175846998290936,6.029258576043119,60.85711776768046,cotton
120,51,24,24.350555465407943,55.83529143831779,6.594549433333996,86.96738348787865,cotton
139,45,22,23.970724905122303,58.6361420313514,7.2966684940569575,67.23254742726937,cotton
127,50,20,23.36915739674389,60.09358791706127,6.369671889861619,66.65440900775852,cotton
120,41,23,25.181932369408145,56.15604236105344,7.194038572149974,91.92471907663494,cotton
115,56,23,23.136152276198214,58.50283468980842,7.186724758148003,70.427844799264,cotton
126,58,20,25.4108313747345,61.35426215186836,7.0974813552511264,75.35448977190791,cotton
130,41,17,25.077012475510895,61.455150724871736,6.976997094246331,72.46221542264763,cotton
117,46,15,22.880691788883727,56.573796887518185,6.348976997684317,64.33491673175064,cotton
112,45,20,25.813133648619907,62.52037294513542,6.7059911213965915,74.35514144826867,cotton
129,45,18,23.82811024272057,63.28534075098726,6.120058770066643,87.74443612827844,cotton
121,38,21,24.10325105787132,61.58282689278535,7.194047812578505,91.96606384334176,cotton
131,57,20,23.184797675679434,63.5776991410453,6.9521025365921485,92.0938818813533,cotton
113,54,22,22.641758357254233,61.97304784997095,6.639603207255551,91.76099778893592,cotton
77,39,40,23.3842553159854,75.53541571856186,6.7734081689751715,151.23948226419824,jute
61,37,39,23.877870780689523,71.12210805935972,7.294159495975891,198.3230534603129,jute
67,35,43,23.1697831212139,78.15854920122193,7.425408542390307,197.23617642493468,jute
66,47,42,24.35156905705573,70.63316888523616,6.636469477462765,186.4084322011315,jute
60,57,39,24.808200915194575,72.00226692277043,7.308129480249905,186.3239129060841,jute
88,51,43,24.64877132930762,78.36069396025827,7.025533827453234,152.61211099164723,jute
75,47,43,25.451187331336968,76.83856700329498,6.04246948579422,177.45043964614385,jute
80,37,39,23.645922395242817,78.98098195121483,6.146710715887292,176.21154584096456,jute
61,46,37,24.927149179233897,71.44356242237482,6.861900460185678,151.68478925726353,jute
87,47,42,25.8349651635384,72.61185254590403,7.3100270631974045,196.1818087923821,jute
62,48,37,23.102378924395303,70.12002818787313,6.311427901121377,160.95702332741814,jute
71,35,41,25.970038907910137,70.19439825547204,7.436863629631532,163.17903197237104,jute
79,54,36,24.028003437295368,77.66121134199372,7.131013188291844,176.00382593617772,jute
71,39,43,24.755277336622804,72.87059516790315,7.116715266973092,183.8793203312,jute
61,53,41,25.49992334468669,72.74091204054511,6.364453841407473,192.69635917310723,jute
75,36,36,23.017003917324775,73.82739568734375,6.4274440875227885,172.0816016501689,jute
69,52,41,25.663809887899937,70.52841010534634,6.72535368061004,163.21721909242143,jute
66,49,42,25.940180847375963,75.27391609739028,6.080188465020502,173.99642153955492,jute
60,59,41,25.521732175951204,72.12985026308574,6.9068806313379,173.94892269444838,jute
78,52,44,24.35641280688527,77.56588817551953,7.406479590435505,183.7933832073988,jute
86,43,41,25.840316564145496,74.21389094338453,6.725572619053399,195.5909992812015,jute
86,36,35,24.339536345516034,73.81015197267749,6.254887966451131,166.20659368332815,jute
69,45,42,25.843983579204973,71.12259280041363,6.351402495186904,150.22748080538273,jute
87,56,42,24.685926553996868,70.01229002079832,6.725255282562785,184.18250386163757,jute
64,38,37,23.77263687323772,78.27089794912966,6.838758500901166,191.28339783524285,jute
81,46,35,25.25906179450081,78.92676172131988,6.0715920150809,164.04026420443014,jute
88,46,44,24.726194319126016,78.9976388264096,6.977894060662506,178.00808367546043,jute
76,45,38,23.636835020350116,79.66145106346588,6.800387806050627,194.911592248401,jute
62,41,37,23.393171749374662,70.86651288017316,6.0215498086415105,185.3680048795885,jute
64,51,43,23.39994608932492,75.18658650597746,6.750717269243354,188.6609846114228,jute
89,38,37,24.9349310956535,71.45114990129372,6.1701374156591315,169.3887566293321,jute
61,40,39,25.25672426406269,74.53571913614961,7.117605813660685,151.49831793869774,jute
77,50,38,24.44286683341627,70.90964140026425,6.657767911870524,167.46453818118175,jute
60,47,44,23.578734934599932,78.63751817656207,6.095852141119023,164.94474714950186,jute
82,52,38,24.853593170612257,75.69308249106425,6.05677000658398,172.89346556144872,jute
86,47,38,23.464474491328808,78.34003517623547,6.2841428175339145,185.39323818779064,jute
71,48,41,24.544585165236363,73.13246889749433,6.8540691947996315,158.3301495775887,jute
81,39,35,23.4981575594188,78.88213968954139,7.093957015992547,159.15386597442478,jute
62,49,41,23.76936681366354,70.83089699736526,7.400490570860711,165.63040486174162,jute
86,49,41,25.65358503568716,74.56152393610665,7.24487440652014,164.5880011323299,jute
62,49,38,23.5557382082763,72.31926733819103,6.009721190368016,181.691125691482,jute
79,38,36,23.103350071322918,70.10431904246556,7.3117623682227135,159.46472432452393,jute
87,54,35,23.132600005893682,72.24836812069259,6.922384280769179,179.65720656324143,jute
84,48,39,25.888783309572787,76.18689396227514,7.240502956181013,150.83547836274832,jute
70,44,39,24.467581868287876,72.90778445843097,6.455295103299431,199.53099229202476,jute
79,44,36,25.781899300889616,77.26953659896913,6.777625951074888,195.02273747485143,jute
69,42,42,24.735198289947604,76.20457009274223,6.525558827853876,152.57255883979352,jute
84,49,42,25.78420288833474,76.90147090510496,6.675452348182245,165.65295361042084,jute
76,38,42,25.07146505132572,73.69639283088367,7.089857959338463,165.2639359016487,jute
60,42,37,24.432464244349422,79.50750464941298,6.783222599832431,172.80984693545062,jute
61,37,40,25.833457391734157,79.94738042504302,6.126380040795235,184.3294292586323,jute
61,42,38,24.655352836439093,79.37983283405977,7.043729037404072,198.66878085320906,jute
65,49,42,23.35028837837464,76.16069300175756,7.1233086281668605,152.8564879210643,jute
77,50,38,24.051771363640537,74.54565741235004,6.039130252301756,168.9938171235378,jute
82,46,39,24.383632186738662,79.16245014282286,7.048843234455241,177.42718881298308,jute
64,43,42,23.075791060816112,71.05601907264521,7.307995779745986,174.77344561590914,jute
88,54,36,23.98349959423042,74.58122826284828,6.207899475211584,169.8484571201685,jute
87,55,35,24.580393976823157,79.67956528617944,6.640707088979623,184.22277847834428,jute
77,54,43,23.81599427273364,79.45681952545387,6.949897896789228,156.55088279430004,jute
80,56,38,25.071124145831885,72.60514371851683,7.108127001530573,189.9234289437965,jute
82,37,39,23.667314027601368,78.7893885479163,7.417708731204184,181.2683633422887,jute
81,54,40,23.051144512297626,76.74777327096041,7.071518588875465,150.08043871431664,jute
84,54,43,25.50681986434916,76.62280920749943,6.211612651814847,156.4250626588841,jute
62,43,43,25.5921398079285,74.47462505332024,6.0002178850879,192.91010005515074,jute
73,41,37,25.41792924593489,79.7671865498857,6.886614015079202,171.50958484962442,jute
70,41,38,24.98686270394569,76.45820114501515,6.492478767623247,179.85750611391404,jute
62,47,43,25.938141563714172,72.36995825752184,6.06566393572783,170.21034904152518,jute
68,55,44,25.671688916841312,78.49517887543169,6.678331098523801,173.81179398213882,jute
74,54,36,24.167985161107183,78.76813379986766,6.066734329098232,161.67144078983196,jute
79,54,37,25.010460935516015,77.21164587076655,6.316695397764935,196.37220363437694,jute
62,41,38,23.715994967894705,71.84227525795347,6.20212615779013,160.55706755531884,jute
73,51,40,23.077456233078134,72.72506920029586,6.902171411624108,192.03918559051385,jute
86,39,37,24.730981859186457,76.50529758856769,6.303938951232532,154.58297552884318,jute
88,48,36,23.387985676186833,75.22435687731513,6.849953386589192,180.89101533499826,jute
60,47,35,25.518779683938536,71.82311720188302,6.783093006558849,176.35747017352494,jute
75,48,35,25.750705153230513,71.48950924302095,6.6401296868638715,182.00454506732098,jute
73,38,41,25.735044388678574,77.94817522174574,6.6190238809073785,197.34935803903716,jute
84,57,40,23.116155734813933,78.5076733334349,7.382630840002523,167.6588298507837,jute
72,59,36,25.77230239694122,74.73334235528485,6.780426685951943,170.9655690675838,jute
70,53,44,24.528244674874202,79.4429443053866,7.2487348297588445,183.01141302591046,jute
69,50,40,25.075745770698802,73.72878627601023,6.146125679374557,164.7481430529069,jute
74,41,42,24.098628837273992,75.2490979604072,7.2470462365449375,163.88241296294052,jute
89,54,41,23.915919163541634,70.02378328785784,7.200814645791958,194.63095439074897,jute
69,39,37,23.717913016040978,70.37436767456117,6.0217760853447775,150.54157520529674,jute
69,47,36,23.454261377580554,72.92175571637763,6.076057524062994,171.1627267625894,jute
63,58,35,25.461870881108037,78.21235192280324,7.428482852082614,163.87021283820837,jute
83,44,40,23.511532824473633,78.04229418382928,6.234538389314423,151.53874949738278,jute
73,45,44,24.22596790212235,73.16818847096167,7.030230473964959,159.71909486543612,jute
75,35,42,23.03814886661749,75.22724068927855,6.422493513143592,156.96426660526453,jute
70,38,40,24.65003057230349,76.90837621677892,7.412237286010193,180.67516518381078,jute
71,56,42,24.986014283285467,71.3707402299481,6.662405087797896,180.1419141074004,jute
83,55,40,25.453001765247258,79.22644294390857,7.211948839260353,177.6991155989634,jute
79,36,35,24.431432676264777,77.40799506893137,6.273461515561967,172.31724130294276,jute
81,42,35,24.32565429070659,74.05997249441828,6.5335814944654445,189.00930971866606,jute
76,38,41,23.293981651586748,71.57679466928437,7.241268799933614,176.448989607174,jute
72,50,42,25.06515276670413,72.84481296115052,7.358689969410129,181.7311708263891,jute
78,42,38,24.105465304124984,71.31894485712137,7.38884713254514,164.80337030645964,jute
68,38,39,23.278904033676238,71.84971981014279,6.937361788863427,163.51731909279988,jute
72,53,43,23.184010147687196,79.64750974538246,6.384829201444152,189.06594724667667,jute
71,47,43,23.126243584244385,73.44549751242936,6.924562096875517,168.65752784389105,jute
85,19,30,24.607767622708614,58.079635098978805,7.073889375870589,154.00758126836672,coffee
90,26,32,26.81057347730565,61.20815255696532,6.306701960768814,134.78458655805485,coffee
82,16,32,23.531746150236756,62.108112315200074,6.591409666522162,182.81193827433023,coffee
83,28,32,26.946288277075404,57.11842770038376,6.5787692675352245,191.67465416040199,coffee
106,18,26,24.82759683525208,53.90529310002414,7.290233929779495,120.38969314922255,coffee
109,22,33,25.06400968339726,58.79427654188281,7.030779603808918,163.87802975212048,coffee
86,16,34,24.62526154640328,62.52902473680671,6.875893774727276,136.04600085238252,coffee
92,19,29,23.73714920782436,51.772496040046626,7.203792657702429,136.73972647522314,coffee
92,26,29,27.705631436887764,58.06606408129545,6.846329518621855,190.15305081737137,coffee
97,29,25,24.189127208474552,57.079022488492384,6.509975278961257,154.7030446162223,coffee
103,22,25,27.23911418009547,68.9681267595582,6.0219905525193225,192.9312874364588,coffee
100,23,31,27.731106948093583,54.99998301403649,6.754860607557039,145.24016746162613,coffee
98,26,26,27.083285939885062,57.012519607108445,7.288149661290647,110.26339526921777,coffee
118,20,32,24.401383549110193,67.17231147088896,6.025719680398769,187.99537111074244,coffee
100,17,26,24.394400637304553,53.26315297036307,6.126642492597351,134.68421157987157,coffee
100,15,28,24.037508393431406,55.87629304726699,6.79037035772323,126.57237793854259,coffee
106,27,33,23.540518917872095,54.80204484056446,7.337678316888825,145.18869093911022,coffee
107,28,31,24.690289273976802,55.81380049334657,7.222674084741196,177.19597411558505,coffee
117,18,31,24.881008964285698,65.60188105347012,7.4248008515545365,153.1779988917313,coffee
92,15,26,27.52871412317066,68.04396997095701,7.392233747810058,114.87128509911669,coffee
103,17,26,23.589829748386133,60.09569885185352,7.250724245455732,143.41641052002947,coffee
83,23,32,26.23971376719881,56.21316286094923,6.655359069117752,193.31696126315137,coffee
94,21,31,24.385244893926206,53.185570202949876,7.255810508614089,181.58749586319846,coffee
91,17,25,26.024696135335724,67.85571315610359,6.812380645363071,160.29945512020277,coffee
87,28,29,26.025616540369356,52.32607650823675,6.925950946393947,194.34039239460049,coffee
85,22,30,26.194715185380904,54.02894112969061,6.767889255425816,145.4409715822024,coffee
84,20,33,25.508506835481622,66.25981750226748,7.059272329229246,150.90220130361945,coffee
115,19,30,25.10983439760924,67.1423556318855,7.257960312850898,158.3651476185626,coffee
112,25,28,26.52272574707442,59.14591137332738,6.225740856037345,139.44836892903726,coffee
85,29,33,26.51128034498572,65.43849050260957,7.182481544670466,154.40919265560416,coffee
88,21,28,26.55267998211982,53.89597370756279,6.752491900871914,124.07895488366627,coffee
119,29,26,26.665136316641505,64.90147076562164,6.29349427411186,148.51679640862906,coffee
93,29,30,26.8202311126695,53.15456550432901,6.232263550560896,156.8170754051309,coffee
119,22,28,24.198754982324818,52.24001011837471,6.824723076661195,161.52619017779242,coffee
83,22,29,26.451230394719776,52.597092660146636,6.744611631635689,145.62927533992297,coffee
88,20,32,25.968900078112934,60.60471018480215,6.579994794953748,167.91094018404348,coffee
106,24,32,27.651889718618317,51.19506611225666,6.621389796969385,182.8968081923848,coffee
81,26,27,27.054767519857357,61.481510876693584,6.792664118535181,135.69793311720588,coffee
89,17,26,23.873713097770995,52.180379603746594,7.326043042731609,138.4039802591188,coffee
97,21,27,27.80389566632116,66.72702211934984,6.226652408167018,113.67307390125758,coffee
105,24,27,27.779620503477062,54.03173367771801,7.133848637137618,131.29510529572207,coffee
90,17,34,26.024236330707186,54.88687837441933,6.768250077441681,132.2059323165079,coffee
102,29,25,23.659787316619457,69.35258482695886,6.806368402852974,149.17339050138915,coffee
116,27,28,24.947766687210297,66.8884810044677,7.184413980597078,149.41750238258837,coffee
112,23,32,25.80804482164069,65.92605523802267,7.083971694834098,165.1347512614282,coffee
93,20,27,25.431008613690498,62.22626371748974,7.292383021325305,191.40765214913503,coffee
117,21,25,23.310493653634598,56.234582433053006,6.52075046802462,158.20798138886659,coffee
101,24,34,23.184025032030323,55.86744126692722,6.584457624625309,196.50830436179842,coffee
92,28,27,25.765154136248107,65.03012565406932,7.251462694389787,173.57469005337353,coffee
82,15,34,23.7345562078509,56.577607948110575,6.64898829105516,112.27775949564321,coffee
82,20,31,27.494714160511872,53.915578565614844,6.595913688315545,161.72322651555424,coffee
85,26,34,23.417117772724726,68.88546260790693,6.730094822281478,119.31119625706697,coffee
81,29,27,25.80305782889435,57.645339992473865,7.260786332456739,184.85599499207177,coffee
85,19,27,27.558794902701038,59.85657675074044,6.048642633803918,119.64979631500316,coffee
80,29,31,25.449064674536267,66.97405241190438,6.3048055184747955,183.54797113932239,coffee
91,24,31,24.265629743968997,51.34779098095514,7.070026296244271,116.93445222538445,coffee
97,20,33,24.529595113316184,52.30372237771065,7.331748999322637,171.09581317605276,coffee
113,25,29,24.958604915465028,58.158354423334515,6.2309943412564035,124.85656251685417,coffee
112,22,34,23.139173714037028,62.628058833137246,6.264809425236967,188.73726741181636,coffee
87,22,34,25.36884857057808,66.79293736032434,7.189639791168183,151.36452321617512,coffee
98,19,26,23.507788375234576,54.43605510363673,6.376317173529764,167.5789933518219,coffee
90,19,27,24.744102811250315,59.54857974604099,7.053035968357476,154.29484564074502,coffee
116,25,25,27.949036014402143,68.34705826638023,7.4327877567557294,157.62759636666138,coffee
116,24,26,26.76472739756073,59.55738115974238,6.203533414899691,185.6786062735831,coffee
106,23,27,24.569973202384958,51.83321159508741,6.346268645708095,189.05276896297545,coffee
117,29,33,26.253039902452322,68.91405453775597,6.872592885959772,175.02584082176867,coffee
105,23,30,26.79297900335957,59.343310725024914,7.07930165230982,172.84528004096325,coffee
90,23,30,27.635362730022962,55.67923507064452,7.209833276409591,144.20566587261078,coffee
88,19,29,26.169398779058845,56.11873160765128,7.120180630639224,163.94605766525953,coffee
119,23,25,24.412292442794815,68.03861973457936,7.294091793712763,149.40046353797354,coffee
107,22,32,25.313697234921783,67.08113171938034,6.086031056414076,119.34755925972382,coffee
111,27,32,27.245868523135822,50.54896769060401,6.480792084067156,118.4016426062642,coffee
113,15,29,23.980623280636692,65.52525727711908,6.002123350445261,187.2546368393094,coffee
118,29,32,25.652232865617258,52.59053911082267,6.056039081136332,189.55467674097991,coffee
80,20,26,27.620829659963164,67.55702824362912,6.243601562102366,119.59822824101974,coffee
85,25,25,27.52410949574616,60.084121618312444,6.932220305432173,198.16197413510298,coffee
93,28,25,27.543741567568375,69.09713080928567,6.653393962216397,197.24249379228428,coffee
113,22,25,26.96519826936715,52.95578575140598,6.795809444183436,122.06938256366347,coffee
106,18,28,26.590542483515158,59.08929208399022,6.395059163518281,133.9138452252175,coffee
84,28,32,26.73757169664132,62.471533835848625,6.600370754091293,184.83533117589323,coffee
83,28,33,27.511446272945413,57.53650545776486,6.421549104365198,199.0650121561919,coffee
84,17,25,26.29469123581732,64.56118678537437,7.186036247567595,175.44810685852224,coffee
109,18,25,23.080802065011145,68.24575772601862,6.504397238540321,153.83504750231117,coffee
95,29,27,23.538790539284747,63.19188526797558,6.216506652842732,131.15027336130785,coffee
98,28,30,25.34593910317505,51.18292646203412,6.945808047802116,174.31536626248538,coffee
98,24,33,27.72309633725234,60.506098807618386,7.30286895348563,121.91744407575287,coffee
116,25,25,24.352968529678844,55.14053043003413,7.240318155377093,193.4231027187945,coffee
107,28,26,25.44474107233962,60.17563505293024,7.26497854734506,187.4899419924281,coffee
87,16,28,24.774948672933814,64.3910782957541,6.791292160520285,112.35798632309736,coffee
104,29,25,24.44376526295466,68.00887272747707,6.174916096995772,157.5498915383235,coffee
106,25,26,26.94329357173933,51.45614519208411,6.279818545206845,134.71296238274843,coffee
110,18,25,27.067742958776595,61.249625311875945,6.2638157488884065,164.16328584157029,coffee
107,15,26,27.957254507982334,62.587610721718654,6.213926382162005,153.56563970276602,coffee
112,28,29,25.456647742409736,55.64886881552951,7.471474255841084,111.63172021322887,coffee
104,28,32,24.446911374906804,64.06297236441326,7.098109330427465,155.86519244039098,coffee
99,20,33,23.46448923999702,52.183185492143785,6.453256094069606,199.92831088634787,coffee
114,20,31,26.715012500276565,54.01666413244652,6.461637208843522,135.21768753375787,coffee
85,25,29,27.019200690697037,64.32047282168722,7.132448609117223,127.3841388828971,coffee
85,19,31,25.467098025949497,68.39495480931177,7.290980226828803,175.2465903557826,coffee
104,21,30,23.587751513208467,63.95717086029047,6.277523637844492,176.66619050839472,coffee
